FirstName,LastName,Email,Phone,MailingCity,MailingState,MailingPostalCode
Brandon,Adams,brandon.adams73@yahoo.com,(704) 555-1651,Charlotte,NC,28289
Megan,Adams,megan.adams36@gmail.com,(407) 555-5573,Orlando,FL,32854
Luis,Allen,luis.allen3@gmail.com,(832) 555-6947,Houston,TX,77049
Ashley,Anderson,ashley.anderson36@gmail.com,(615) 555-1058,Nashville,TN,37252
Derek,Anderson,derek.anderson5@gmail.com,(615) 555-2535,Nashville,TN,37237
Samantha,Anderson,samantha.anderson13@icloud.com,(470) 555-5554,Atlanta,GA,30368
Jason,Baker,jason.baker47@yahoo.com,(615) 555-3266,Nashville,TN,37275
Christopher,Carter,christopher.carter49@gmail.com,(704) 555-5803,Charlotte,NC,28290
Justin,Carter,justin.carter34@yahoo.com,(757) 555-5040,Virginia Beach,VA,23481
Marcus,Chen,marcus.chen@yahoo.com,(704) 555-0198,Charlotte,NC,28202
Kevin,Collins,kevin.collins86@hotmail.com,(804) 555-5905,Richmond,VA,23294
Derek,Davis,derek.davis8@gmail.com,(407) 555-8811,Orlando,FL,32874
Jennifer,Davis,jennifer.davis9@gmail.com,(470) 555-6413,Atlanta,GA,30319
Jane,Dawson,jane.dawson@gmail.com,(804) 555-0142,Richmond,VA,23220
Daniel,Edwards,daniel.edwards69@yahoo.com,(757) 555-3677,Virginia Beach,VA,23469
Tiffany,Edwards,tiffany.edwards68@outlook.com,(832) 555-1188,Houston,TX,77097
Emily,Foster,emily.foster@yahoo.com,(804) 555-0743,Richmond,VA,23221
Nathan,Garcia,nathan.garcia13@icloud.com,(704) 555-6804,Charlotte,NC,28264
Brittany,Green,brittany.green35@yahoo.com,(470) 555-2771,Atlanta,GA,30358
Diana,Green,diana.green31@yahoo.com,(757) 555-3900,Virginia Beach,VA,23462
Ryan,Hall,ryan.hall86@outlook.com,(615) 555-8177,Nashville,TN,37276
Stephanie,Hall,stephanie.hall41@gmail.com,(832) 555-1152,Houston,TX,77068
Anthony,Harris,anthony.harris46@yahoo.com,(407) 555-5374,Orlando,FL,32899
Brandon,Harris,brandon.harris63@icloud.com,(615) 555-4502,Nashville,TN,37261
Sean,Harris,sean.harris66@gmail.com,(804) 555-4044,Richmond,VA,23218
Tyler,Harris,tyler.harris71@icloud.com,(832) 555-1158,Houston,TX,77024
Angela,Johnson,angela.johnson92@hotmail.com,(470) 555-7873,Atlanta,GA,30338
David,Kim,david.kim@gmail.com,(615) 555-0678,Nashville,TN,37201
Derek,Lee,derek.lee15@outlook.com,(407) 555-8123,Orlando,FL,32830
Justin,Lee,justin.lee28@hotmail.com,(704) 555-6155,Charlotte,NC,28237
Michael,Lee,michael.lee29@yahoo.com,(470) 555-2679,Atlanta,GA,30396
Stephanie,Lewis,stephanie.lewis14@hotmail.com,(704) 555-3546,Charlotte,NC,28244
Andrew,Mitchell,andrew.mitchell34@hotmail.com,(757) 555-7932,Virginia Beach,VA,23437
Diana,Nelson,diana.nelson55@yahoo.com,(757) 555-5563,Virginia Beach,VA,23469
Jennifer,Nelson,jennifer.nelson7@hotmail.com,(704) 555-1241,Charlotte,NC,28221
Anthony,Parker,anthony.parker91@gmail.com,(470) 555-1750,Atlanta,GA,30394
Lauren,Parker,lauren.parker11@icloud.com,(704) 555-2133,Charlotte,NC,28278
Monica,Parker,monica.parker34@yahoo.com,(407) 555-6147,Orlando,FL,32840
Priya,Patel,priya.patel@gmail.com,(919) 555-0415,Raleigh,NC,27601
Diana,Perez,diana.perez25@outlook.com,(757) 555-4566,Virginia Beach,VA,23417
Tyler,Perez,tyler.perez70@yahoo.com,(470) 555-8744,Atlanta,GA,30341
Justin,Phillips,justin.phillips4@gmail.com,(407) 555-5279,Orlando,FL,32832
Stephanie,Phillips,stephanie.phillips48@hotmail.com,(804) 555-3426,Richmond,VA,23265
Rachel,Roberts,rachel.roberts65@gmail.com,(757) 555-5889,Virginia Beach,VA,23491
Diana,Robinson,diana.robinson99@gmail.com,(407) 555-4752,Orlando,FL,32814
Eric,Robinson,eric.robinson59@outlook.com,(470) 555-6000,Atlanta,GA,30339
Lauren,Robinson,lauren.robinson44@gmail.com,(704) 555-4770,Charlotte,NC,28285
James,Rodriguez,james.rodriguez@outlook.com,(470) 555-0331,Atlanta,GA,30301
Joshua,Scott,joshua.scott50@outlook.com,(804) 555-8454,Richmond,VA,23246
Rachel,Smith,rachel.smith90@icloud.com,(757) 555-6574,Virginia Beach,VA,23445
Ashley,Taylor,ashley.taylor52@outlook.com,(804) 555-2790,Richmond,VA,23241
Brittany,Taylor,brittany.taylor49@gmail.com,(704) 555-6881,Charlotte,NC,28254
Jason,Taylor,jason.taylor69@yahoo.com,(704) 555-9288,Charlotte,NC,28243
Ashley,Thomas,ashley.thomas81@yahoo.com,(757) 555-7916,Virginia Beach,VA,23486
Aisha,Thompson,aisha.thompson@icloud.com,(407) 555-0502,Orlando,FL,32801
Ryan,White,ryan.white98@yahoo.com,(407) 555-9837,Orlando,FL,32877
Sarah,Williams,sarah.williams@gmail.com,(757) 555-0267,Virginia Beach,VA,23451
Christina,Wilson,christina.wilson48@outlook.com,(470) 555-3584,Atlanta,GA,30366
Samantha,Wright,samantha.wright46@yahoo.com,(804) 555-5088,Richmond,VA,23295
Megan,Young,megan.young88@outlook.com,(470) 555-9280,Atlanta,GA,30372
