VehicleId,IndividualId,Make,Model,Year,VIN,Price,Mileage,Color,BodyType,FuelType,Transmission,Doors,Status,IsPurchased,PurchaseDate,IsHearted,HeartedById,HeartedDate,ListingURL,CarMaxStore,LastModified
VEH-0001,003ak00001QQTVsAAP,Nissan,Rogue,2020.000000000000000000,KMXNI202000004604,29628.000000000000000000,74482.000000000000000000,Black,SUV,Gasoline,Automatic,5,In Inventory,false,,true,003ak00001QQTVsAAP,2026-05-20,https://www.carmax.com/car/KMXNI202000004604,CarMax Charlotte,2026-05-14 08:01:00.000 UTC
VEH-0002,003ak00001QQTV9AAP,Toyota,Highlander,2021.000000000000000000,KMXTO202100019518,42493.000000000000000000,80236.000000000000000000,Brown,SUV,Gasoline,Automatic,5,Sold,true,2026-03-09,false,,,https://www.carmax.com/car/KMXTO202100019518,CarMax Raleigh,2026-01-25 20:10:00.000 UTC
VEH-0003,003ak00001QQTVPAA5,Ford,Explorer,2022.000000000000000000,KMXFO202200022339,39898.000000000000000000,48082.000000000000000000,Red,SUV,Gasoline,Automatic,5,In Inventory,false,,true,003ak00001QQTVPAA5,2026-04-03,https://www.carmax.com/car/KMXFO202200022339,CarMax Raleigh,2026-01-24 15:34:00.000 UTC
VEH-0004,003ak00001QQTVtAAP,Jeep,Wrangler,2025.000000000000000000,KMXJE202500039107,52837.000000000000000000,9006.000000000000000000,Black,SUV,Gasoline,Automatic,5,In Inventory,false,,true,003ak00001QQTVtAAP,2026-04-21,https://www.carmax.com/car/KMXJE202500039107,CarMax Atlanta,2026-03-03 11:55:00.000 UTC
VEH-0005,,Lexus,ES 350,2021.000000000000000000,KMXLE202100045852,28730.000000000000000000,82840.000000000000000000,Black,Sedan,Gasoline,Automatic,4,In Inventory,false,,false,,,https://www.carmax.com/car/KMXLE202100045852,CarMax Virginia Beach,2026-05-24 11:10:00.000 UTC
VEH-0006,,BMW,X5,2025.000000000000000000,KMXBM202500058300,36252.000000000000000000,7207.000000000000000000,Gray,SUV,Gasoline,Automatic,5,In Inventory,false,,false,,,https://www.carmax.com/car/KMXBM202500058300,CarMax Orlando,2026-04-09 09:13:00.000 UTC
VEH-0007,003ak00001QQTVDAA5,Tesla,Model 3,2021.000000000000000000,KMXTE202100069590,40928.000000000000000000,21726.000000000000000000,Brown,Sedan,Electric,Automatic,4,Sold,true,2026-03-24,false,,,https://www.carmax.com/car/KMXTE202100069590,CarMax Raleigh,2026-02-08 19:35:00.000 UTC
VEH-0008,003ak00001QQTVGAA5,Tesla,Model 3,2024.000000000000000000,KMXTE202400076235,29373.000000000000000000,69784.000000000000000000,Silver,Sedan,Electric,Automatic,4,In Inventory,false,,true,003ak00001QQTVGAA5,2026-02-26,https://www.carmax.com/car/KMXTE202400076235,CarMax Houston,2026-01-25 08:55:00.000 UTC
VEH-0009,003ak00001QQTVoAAP,Nissan,Altima,2024.000000000000000000,KMXNI202400081832,40009.000000000000000000,72352.000000000000000000,Brown,Sedan,Gasoline,Manual,4,Sold,true,2026-03-25,false,,,https://www.carmax.com/car/KMXNI202400081832,CarMax Raleigh,2026-05-28 08:43:00.000 UTC
VEH-0010,003ak00001QQTVCAA5,Nissan,Altima,2020.000000000000000000,KMXNI202000094846,25365.000000000000000000,37522.000000000000000000,White,Sedan,Gasoline,Automatic,4,Sold,true,2026-02-05,false,,,https://www.carmax.com/car/KMXNI202000094846,CarMax Virginia Beach,2026-05-04 18:19:00.000 UTC
VEH-0011,003ak00001QQTVsAAP,Hyundai,Santa Fe,2024.000000000000000000,KMXHY202400107951,54252.000000000000000000,5552.000000000000000000,Brown,SUV,Hybrid,Automatic,5,In Inventory,false,,true,003ak00001QQTVsAAP,2026-05-03,https://www.carmax.com/car/KMXHY202400107951,CarMax Charlotte,2026-03-27 20:19:00.000 UTC
VEH-0012,,Honda,Pilot,2020.000000000000000000,KMXHO202000117982,23414.000000000000000000,24643.000000000000000000,Beige,SUV,Gasoline,Automatic,5,In Inventory,false,,false,,,https://www.carmax.com/car/KMXHO202000117982,CarMax Raleigh,2026-05-28 17:27:00.000 UTC
VEH-0013,003ak00001QQTVwAAP,Jeep,Grand Cherokee,2025.000000000000000000,KMXJE202500125085,39472.000000000000000000,62177.000000000000000000,Beige,SUV,Gasoline,Automatic,5,Sold,true,2026-02-19,false,,,https://www.carmax.com/car/KMXJE202500125085,CarMax Charlotte,2026-02-08 09:21:00.000 UTC
VEH-0014,,Chevrolet,Silverado 1500,2020.000000000000000000,KMXCH202000139271,40003.000000000000000000,46309.000000000000000000,White,Pickup Truck,Gasoline,Automatic,4,In Inventory,false,,false,,,https://www.carmax.com/car/KMXCH202000139271,CarMax Charlotte,2026-05-08 12:42:00.000 UTC
VEH-0015,,Jeep,Grand Cherokee,2025.000000000000000000,KMXJE202500148484,45976.000000000000000000,56354.000000000000000000,Brown,SUV,Gasoline,Automatic,5,Pending,false,,false,,,https://www.carmax.com/car/KMXJE202500148484,CarMax Atlanta,2026-01-04 18:27:00.000 UTC
VEH-0016,,Kia,EV6,2025.000000000000000000,KMXKI202500151710,18972.000000000000000000,47473.000000000000000000,Green,SUV,Electric,Automatic,5,In Inventory,false,,false,,,https://www.carmax.com/car/KMXKI202500151710,CarMax Charlotte,2026-02-07 11:34:00.000 UTC
VEH-0017,,Kia,Sportage,2022.000000000000000000,KMXKI202200167063,19940.000000000000000000,15833.000000000000000000,Beige,SUV,Gasoline,Automatic,5,In Inventory,false,,false,,,https://www.carmax.com/car/KMXKI202200167063,CarMax Richmond,2026-05-27 08:05:00.000 UTC
VEH-0018,003ak00001QQTVAAA5,Lexus,RX 350,2021.000000000000000000,KMXLE202100176326,46546.000000000000000000,10685.000000000000000000,Green,SUV,Gasoline,Automatic,5,Sold,true,2026-03-14,false,,,https://www.carmax.com/car/KMXLE202100176326,CarMax Virginia Beach,2026-04-01 14:16:00.000 UTC
VEH-0019,,Mercedes-Benz,GLC 300,2021.000000000000000000,KMXME202100183489,29267.000000000000000000,74066.000000000000000000,Orange,SUV,Gasoline,Automatic,5,In Inventory,false,,false,,,https://www.carmax.com/car/KMXME202100183489,CarMax Richmond,2026-03-02 08:37:00.000 UTC
VEH-0020,,Lexus,RX 350,2020.000000000000000000,KMXLE202000197656,27178.000000000000000000,11907.000000000000000000,Orange,SUV,Gasoline,Automatic,5,In Inventory,false,,false,,,https://www.carmax.com/car/KMXLE202000197656,CarMax Atlanta,2026-04-04 17:15:00.000 UTC
VEH-0021,003ak00001QQTVGAA5,Toyota,Highlander,2020.000000000000000000,KMXTO202000206494,52042.000000000000000000,37179.000000000000000000,Red,SUV,Gasoline,CVT,5,Pending,false,,true,003ak00001QQTVGAA5,2026-03-15,https://www.carmax.com/car/KMXTO202000206494,CarMax Atlanta,2026-03-08 12:25:00.000 UTC
VEH-0022,,Hyundai,Tucson,2020.000000000000000000,KMXHY202000217006,51896.000000000000000000,73468.000000000000000000,Black,SUV,Gasoline,Automatic,5,Pending,false,,false,,,https://www.carmax.com/car/KMXHY202000217006,CarMax Atlanta,2026-05-09 10:59:00.000 UTC
VEH-0023,,Honda,Accord,2022.000000000000000000,KMXHO202200224735,43716.000000000000000000,83173.000000000000000000,Blue,Sedan,Gasoline,CVT,4,In Inventory,false,,false,,,https://www.carmax.com/car/KMXHO202200224735,CarMax Richmond,2026-05-10 18:06:00.000 UTC
VEH-0024,003ak00001QQTVtAAP,Ford,Escape,2020.000000000000000000,KMXFO202000232402,25187.000000000000000000,82276.000000000000000000,Blue,SUV,Gasoline,Automatic,5,Sold,true,2026-04-09,false,,,https://www.carmax.com/car/KMXFO202000232402,CarMax Atlanta,2026-03-07 18:40:00.000 UTC
VEH-0025,003ak00001QQTVDAA5,Lexus,RX 350,2020.000000000000000000,KMXLE202000249313,33132.000000000000000000,46719.000000000000000000,White,SUV,Gasoline,Automatic,5,Sold,true,2026-04-18,false,,,https://www.carmax.com/car/KMXLE202000249313,CarMax Virginia Beach,2026-03-06 19:28:00.000 UTC
VEH-0026,003ak00001QQTV7AAP,Toyota,Camry,2020.000000000000000000,KMXTO202000252953,17361.000000000000000000,75420.000000000000000000,Orange,Sedan,Gasoline,Automatic,4,Sold,true,2026-01-12,false,,,https://www.carmax.com/car/KMXTO202000252953,CarMax Virginia Beach,2026-04-05 08:19:00.000 UTC
VEH-0027,,Chevrolet,Equinox,2025.000000000000000000,KMXCH202500262347,51692.000000000000000000,23257.000000000000000000,Orange,SUV,Gasoline,Automatic,5,In Inventory,false,,false,,,https://www.carmax.com/car/KMXCH202500262347,CarMax Atlanta,2026-02-26 20:11:00.000 UTC
VEH-0028,003ak00001QQTVrAAP,Toyota,RAV4,2025.000000000000000000,KMXTO202500275354,31263.000000000000000000,17168.000000000000000000,Silver,SUV,Gasoline,Automatic,5,Sold,true,2026-04-12,false,,,https://www.carmax.com/car/KMXTO202500275354,CarMax Nashville,2026-01-28 15:14:00.000 UTC
VEH-0029,,BMW,330i,2021.000000000000000000,KMXBM202100281310,41113.000000000000000000,12099.000000000000000000,Blue,Sedan,Gasoline,Automatic,4,In Inventory,false,,false,,,https://www.carmax.com/car/KMXBM202100281310,CarMax Raleigh,2026-03-21 16:25:00.000 UTC
VEH-0030,,Lexus,ES 350,2020.000000000000000000,KMXLE202000292511,26702.000000000000000000,8014.000000000000000000,Blue,Sedan,Gasoline,Manual,4,In Inventory,false,,false,,,https://www.carmax.com/car/KMXLE202000292511,CarMax Charlotte,2026-05-14 13:46:00.000 UTC
VEH-0031,,Kia,Telluride,2023.000000000000000000,KMXKI202300308557,31693.000000000000000000,3221.000000000000000000,Green,SUV,Gasoline,Automatic,5,In Inventory,false,,false,,,https://www.carmax.com/car/KMXKI202300308557,CarMax Atlanta,2026-03-14 09:42:00.000 UTC
VEH-0032,003ak00001QQTV9AAP,Tesla,Model 3,2025.000000000000000000,KMXTE202500312633,48234.000000000000000000,56528.000000000000000000,Blue,Sedan,Electric,Automatic,4,In Inventory,false,,true,003ak00001QQTV9AAP,2026-04-22,https://www.carmax.com/car/KMXTE202500312633,CarMax Orlando,2026-04-23 12:35:00.000 UTC
VEH-0033,,Mercedes-Benz,C300,2024.000000000000000000,KMXME202400328459,41612.000000000000000000,42829.000000000000000000,White,Sedan,Gasoline,CVT,4,In Inventory,false,,false,,,https://www.carmax.com/car/KMXME202400328459,CarMax Raleigh,2026-02-14 20:37:00.000 UTC
VEH-0034,,Hyundai,Ioniq 5,2023.000000000000000000,KMXHY202300336795,48500.000000000000000000,25241.000000000000000000,Brown,SUV,Electric,Automatic,5,In Inventory,false,,false,,,https://www.carmax.com/car/KMXHY202300336795,CarMax Charlotte,2026-03-17 18:40:00.000 UTC
VEH-0035,,Honda,Accord,2025.000000000000000000,KMXHO202500345068,28050.000000000000000000,9057.000000000000000000,White,Sedan,Gasoline,Automatic,4,In Inventory,false,,false,,,https://www.carmax.com/car/KMXHO202500345068,CarMax Atlanta,2026-04-20 20:04:00.000 UTC
VEH-0036,003ak00001QQTVCAA5,Nissan,Rogue,2025.000000000000000000,KMXNI202500356032,41191.000000000000000000,3726.000000000000000000,Silver,SUV,Gasoline,Automatic,5,Sold,true,2026-04-02,false,,,https://www.carmax.com/car/KMXNI202500356032,CarMax Charlotte,2026-04-08 10:51:00.000 UTC
VEH-0037,,Jeep,Grand Cherokee,2020.000000000000000000,KMXJE202000366982,45450.000000000000000000,81047.000000000000000000,Beige,SUV,Gasoline,CVT,5,In Inventory,false,,false,,,https://www.carmax.com/car/KMXJE202000366982,CarMax Orlando,2026-04-20 19:57:00.000 UTC
VEH-0038,003ak00001QQTVuAAP,Lexus,ES 350,2021.000000000000000000,KMXLE202100377221,31986.000000000000000000,71327.000000000000000000,Blue,Sedan,Gasoline,Automatic,4,Sold,true,2026-02-09,false,,,https://www.carmax.com/car/KMXLE202100377221,CarMax Houston,2026-02-09 15:04:00.000 UTC
VEH-0039,,Hyundai,Elantra,2024.000000000000000000,KMXHY202400382056,24884.000000000000000000,23028.000000000000000000,Green,Sedan,Gasoline,Automatic,4,In Inventory,false,,false,,,https://www.carmax.com/car/KMXHY202400382056,CarMax Atlanta,2026-01-14 14:21:00.000 UTC
VEH-0040,003ak00001QQTV8AAP,Kia,Telluride,2021.000000000000000000,KMXKI202100396506,53278.000000000000000000,52857.000000000000000000,Orange,SUV,Gasoline,Automatic,5,Sold,true,2026-04-18,false,,,https://www.carmax.com/car/KMXKI202100396506,CarMax Houston,2026-01-12 12:48:00.000 UTC
VEH-0041,,Mercedes-Benz,C300,2023.000000000000000000,KMXME202300403876,43562.000000000000000000,53968.000000000000000000,White,Sedan,Gasoline,Automatic,4,In Inventory,false,,false,,,https://www.carmax.com/car/KMXME202300403876,CarMax Orlando,2026-04-24 10:53:00.000 UTC
VEH-0042,,Ford,F-150,2023.000000000000000000,KMXFO202300418758,26776.000000000000000000,20786.000000000000000000,Green,Pickup Truck,Gasoline,Automatic,4,Pending,false,,false,,,https://www.carmax.com/car/KMXFO202300418758,CarMax Houston,2026-02-02 12:24:00.000 UTC
VEH-0043,,Subaru,Forester,2022.000000000000000000,KMXSU202200425969,42627.000000000000000000,64644.000000000000000000,Black,SUV,Gasoline,Automatic,5,In Inventory,false,,false,,,https://www.carmax.com/car/KMXSU202200425969,CarMax Richmond,2026-05-02 13:14:00.000 UTC
VEH-0044,,Mazda,CX-5,2020.000000000000000000,KMXMA202000434241,16335.000000000000000000,34266.000000000000000000,Silver,SUV,Gasoline,Manual,5,In Inventory,false,,false,,,https://www.carmax.com/car/KMXMA202000434241,CarMax Virginia Beach,2026-04-22 09:36:00.000 UTC
VEH-0045,,Subaru,Crosstrek,2022.000000000000000000,KMXSU202200445835,54707.000000000000000000,24465.000000000000000000,Black,SUV,Gasoline,Manual,5,In Inventory,false,,false,,,https://www.carmax.com/car/KMXSU202200445835,CarMax Raleigh,2026-01-19 08:59:00.000 UTC
VEH-0046,,Nissan,Altima,2023.000000000000000000,KMXNI202300453599,53803.000000000000000000,42529.000000000000000000,Black,Sedan,Gasoline,Automatic,4,In Inventory,false,,false,,,https://www.carmax.com/car/KMXNI202300453599,CarMax Charlotte,2026-05-26 08:22:00.000 UTC
VEH-0047,003ak00001QQTVqAAP,Nissan,Altima,2020.000000000000000000,KMXNI202000467631,15829.000000000000000000,16833.000000000000000000,Brown,Sedan,Gasoline,Automatic,4,In Inventory,false,,true,003ak00001QQTVqAAP,2026-05-21,https://www.carmax.com/car/KMXNI202000467631,CarMax Nashville,2026-03-21 15:45:00.000 UTC
VEH-0048,003ak00001QQTVAAA5,BMW,X5,2024.000000000000000000,KMXBM202400477337,43545.000000000000000000,45245.000000000000000000,Blue,SUV,Gasoline,Manual,5,Sold,true,2026-04-11,false,,,https://www.carmax.com/car/KMXBM202400477337,CarMax Atlanta,2026-01-09 15:15:00.000 UTC
VEH-0049,003ak00001QQTVwAAP,Toyota,Tacoma,2022.000000000000000000,KMXTO202200483383,38901.000000000000000000,47608.000000000000000000,Blue,Pickup Truck,Gasoline,Automatic,4,Sold,true,2026-02-03,false,,,https://www.carmax.com/car/KMXTO202200483383,CarMax Raleigh,2026-05-23 12:35:00.000 UTC
VEH-0050,,Chevrolet,Bolt EUV,2023.000000000000000000,KMXCH202300498276,46201.000000000000000000,61743.000000000000000000,Brown,Hatchback,Electric,Automatic,5,In Inventory,false,,false,,,https://www.carmax.com/car/KMXCH202300498276,CarMax Richmond,2026-01-10 11:25:00.000 UTC
VEH-0051,003ak00001QQTVuAAP,BMW,X5,2024.000000000000000000,KMXBM202400505836,51272.000000000000000000,58771.000000000000000000,Red,SUV,Gasoline,CVT,5,Sold,true,2026-03-08,false,,,https://www.carmax.com/car/KMXBM202400505836,CarMax Orlando,2026-03-23 15:17:00.000 UTC
VEH-0052,003ak00001QQTVuAAP,Honda,Accord,2022.000000000000000000,KMXHO202200512567,27133.000000000000000000,66464.000000000000000000,Gray,Sedan,Gasoline,Automatic,4,Sold,true,2026-01-27,false,,,https://www.carmax.com/car/KMXHO202200512567,CarMax Raleigh,2026-05-25 16:38:00.000 UTC
VEH-0053,,Chevrolet,Traverse,2021.000000000000000000,KMXCH202100525730,34809.000000000000000000,19591.000000000000000000,Beige,SUV,Gasoline,Automatic,5,In Inventory,false,,false,,,https://www.carmax.com/car/KMXCH202100525730,CarMax Raleigh,2026-01-02 16:18:00.000 UTC
VEH-0054,,Ford,Mustang,2020.000000000000000000,KMXFO202000531160,33634.000000000000000000,60733.000000000000000000,Brown,Coupe,Gasoline,Automatic,2,Pending,false,,false,,,https://www.carmax.com/car/KMXFO202000531160,CarMax Orlando,2026-02-02 12:55:00.000 UTC
VEH-0055,,Lexus,RX 350,2023.000000000000000000,KMXLE202300547445,52815.000000000000000000,22555.000000000000000000,Silver,SUV,Gasoline,Automatic,5,In Inventory,false,,false,,,https://www.carmax.com/car/KMXLE202300547445,CarMax Raleigh,2026-01-08 09:35:00.000 UTC
VEH-0056,003ak00001QQTVFAA5,Tesla,Model Y,2024.000000000000000000,KMXTE202400555985,44014.000000000000000000,80139.000000000000000000,Blue,SUV,Electric,Automatic,5,Sold,true,2026-01-25,false,,,https://www.carmax.com/car/KMXTE202400555985,CarMax Nashville,2026-03-19 17:03:00.000 UTC
VEH-0057,,Chevrolet,Equinox,2022.000000000000000000,KMXCH202200569656,25292.000000000000000000,75350.000000000000000000,Silver,SUV,Gasoline,Automatic,5,In Inventory,false,,false,,,https://www.carmax.com/car/KMXCH202200569656,CarMax Charlotte,2026-02-01 14:28:00.000 UTC
VEH-0058,003ak00001QQTVoAAP,Subaru,Forester,2020.000000000000000000,KMXSU202000574034,33528.000000000000000000,33595.000000000000000000,Black,SUV,Gasoline,Automatic,5,In Inventory,false,,true,003ak00001QQTVoAAP,2026-05-08,https://www.carmax.com/car/KMXSU202000574034,CarMax Raleigh,2026-05-22 20:59:00.000 UTC
VEH-0059,,Nissan,Rogue,2022.000000000000000000,KMXNI202200582864,18908.000000000000000000,80993.000000000000000000,Blue,SUV,Gasoline,Automatic,5,In Inventory,false,,false,,,https://www.carmax.com/car/KMXNI202200582864,CarMax Raleigh,2026-04-04 15:44:00.000 UTC
VEH-0060,003ak00001QQTVnAAP,Kia,Forte,2024.000000000000000000,KMXKI202400598077,43688.000000000000000000,8224.000000000000000000,Orange,Sedan,Gasoline,Automatic,4,Sold,true,2026-02-22,false,,,https://www.carmax.com/car/KMXKI202400598077,CarMax Nashville,2026-03-20 12:01:00.000 UTC
VEH-0061,,Lexus,RX 350,2025.000000000000000000,KMXLE202500604532,17636.000000000000000000,71021.000000000000000000,Brown,SUV,Gasoline,Automatic,5,Pending,false,,false,,,https://www.carmax.com/car/KMXLE202500604532,CarMax Houston,2026-03-06 17:27:00.000 UTC
VEH-0062,003ak00001QQTV8AAP,Subaru,Outback,2023.000000000000000000,KMXSU202300615560,36843.000000000000000000,24079.000000000000000000,Black,Wagon,Gasoline,Automatic,5,Sold,true,2026-01-15,false,,,https://www.carmax.com/car/KMXSU202300615560,CarMax Orlando,2026-04-23 15:18:00.000 UTC
VEH-0063,,Honda,CR-V,2022.000000000000000000,KMXHO202200625237,41488.000000000000000000,74118.000000000000000000,White,SUV,Gasoline,CVT,5,In Inventory,false,,false,,,https://www.carmax.com/car/KMXHO202200625237,CarMax Houston,2026-04-02 11:33:00.000 UTC
VEH-0064,003ak00001QQTVGAA5,Mazda,Mazda3,2025.000000000000000000,KMXMA202500636793,28340.000000000000000000,20172.000000000000000000,Beige,Sedan,Gasoline,Automatic,4,In Inventory,false,,true,003ak00001QQTVGAA5,2026-05-26,https://www.carmax.com/car/KMXMA202500636793,CarMax Raleigh,2026-04-23 15:07:00.000 UTC
VEH-0065,003ak00001QQTVPAA5,Chevrolet,Equinox,2022.000000000000000000,KMXCH202200648219,51192.000000000000000000,32451.000000000000000000,Black,SUV,Gasoline,Automatic,5,In Inventory,false,,true,003ak00001QQTVPAA5,2026-03-17,https://www.carmax.com/car/KMXCH202200648219,CarMax Charlotte,2026-04-04 18:53:00.000 UTC
VEH-0066,003ak00001QQTVpAAP,Mercedes-Benz,GLC 300,2023.000000000000000000,KMXME202300657324,30973.000000000000000000,21958.000000000000000000,Beige,SUV,Gasoline,Automatic,5,Sold,true,2026-01-09,false,,,https://www.carmax.com/car/KMXME202300657324,CarMax Nashville,2026-02-20 16:47:00.000 UTC
VEH-0067,,Mazda,Mazda3,2022.000000000000000000,KMXMA202200667655,15168.000000000000000000,79931.000000000000000000,Blue,Sedan,Gasoline,Automatic,4,In Inventory,false,,false,,,https://www.carmax.com/car/KMXMA202200667655,CarMax Houston,2026-02-15 16:30:00.000 UTC
VEH-0068,,Jeep,Wrangler,2023.000000000000000000,KMXJE202300675217,30650.000000000000000000,33613.000000000000000000,Green,SUV,Gasoline,Manual,5,In Inventory,false,,false,,,https://www.carmax.com/car/KMXJE202300675217,CarMax Nashville,2026-01-11 19:30:00.000 UTC
VEH-0069,,Mazda,Mazda3,2023.000000000000000000,KMXMA202300689699,47461.000000000000000000,68836.000000000000000000,Silver,Sedan,Gasoline,Automatic,4,In Inventory,false,,false,,,https://www.carmax.com/car/KMXMA202300689699,CarMax Orlando,2026-01-28 15:06:00.000 UTC
VEH-0070,003ak00001QQTVnAAP,Subaru,Outback,2025.000000000000000000,KMXSU202500692889,25116.000000000000000000,37737.000000000000000000,Brown,Wagon,Gasoline,Automatic,5,Sold,true,2026-03-28,false,,,https://www.carmax.com/car/KMXSU202500692889,CarMax Orlando,2026-05-23 14:41:00.000 UTC
VEH-0071,003ak00001QQTV9AAP,Nissan,Altima,2022.000000000000000000,KMXNI202200709215,50456.000000000000000000,11968.000000000000000000,Orange,Sedan,Gasoline,Automatic,4,Sold,true,2026-01-25,false,,,https://www.carmax.com/car/KMXNI202200709215,CarMax Atlanta,2026-03-08 19:05:00.000 UTC
VEH-0072,003ak00001QQTV9AAP,Nissan,Rogue,2023.000000000000000000,KMXNI202300713180,16897.000000000000000000,10355.000000000000000000,Red,SUV,Gasoline,Automatic,5,In Inventory,false,,true,003ak00001QQTV9AAP,2026-05-22,https://www.carmax.com/car/KMXNI202300713180,CarMax Raleigh,2026-03-12 14:09:00.000 UTC
VEH-0073,,Mazda,CX-5,2021.000000000000000000,KMXMA202100723294,54943.000000000000000000,34566.000000000000000000,Orange,SUV,Gasoline,Automatic,5,In Inventory,false,,false,,,https://www.carmax.com/car/KMXMA202100723294,CarMax Houston,2026-05-05 11:29:00.000 UTC
VEH-0074,003ak00001QQTV9AAP,Subaru,Forester,2025.000000000000000000,KMXSU202500731123,33850.000000000000000000,12681.000000000000000000,Silver,SUV,Gasoline,CVT,5,Sold,true,2026-03-15,false,,,https://www.carmax.com/car/KMXSU202500731123,CarMax Houston,2026-03-19 12:40:00.000 UTC
VEH-0075,003ak00001QQTVwAAP,Lexus,ES 350,2021.000000000000000000,KMXLE202100746042,21989.000000000000000000,77963.000000000000000000,Green,Sedan,Gasoline,Automatic,4,Sold,true,2026-04-09,false,,,https://www.carmax.com/car/KMXLE202100746042,CarMax Orlando,2026-05-10 19:18:00.000 UTC
VEH-0076,003ak00001QQTVKAA5,Toyota,Highlander,2025.000000000000000000,KMXTO202500751642,47553.000000000000000000,82569.000000000000000000,Gray,SUV,Gasoline,Automatic,5,Pending,false,,true,003ak00001QQTVKAA5,2026-02-21,https://www.carmax.com/car/KMXTO202500751642,CarMax Orlando,2026-02-21 11:39:00.000 UTC
VEH-0077,003ak00001QQTVLAA5,Honda,Civic,2022.000000000000000000,KMXHO202200766777,52982.000000000000000000,14813.000000000000000000,Silver,Sedan,Gasoline,Automatic,4,In Inventory,false,,true,003ak00001QQTVLAA5,2026-05-12,https://www.carmax.com/car/KMXHO202200766777,CarMax Raleigh,2026-03-24 14:11:00.000 UTC
VEH-0078,003ak00001QQTV8AAP,Jeep,Wrangler,2021.000000000000000000,KMXJE202100774368,34342.000000000000000000,64385.000000000000000000,Black,SUV,Gasoline,Automatic,5,Sold,true,2026-03-03,false,,,https://www.carmax.com/car/KMXJE202100774368,CarMax Charlotte,2026-02-25 11:55:00.000 UTC
VEH-0079,003ak00001QQTVBAA5,Mazda,Mazda3,2020.000000000000000000,KMXMA202000784466,23099.000000000000000000,37362.000000000000000000,Red,Sedan,Gasoline,Automatic,4,Sold,true,2026-01-20,false,,,https://www.carmax.com/car/KMXMA202000784466,CarMax Nashville,2026-03-04 18:14:00.000 UTC
VEH-0080,003ak00001QQTVsAAP,Jeep,Wrangler,2024.000000000000000000,KMXJE202400793901,45426.000000000000000000,18292.000000000000000000,Green,SUV,Gasoline,Automatic,5,In Inventory,false,,true,003ak00001QQTVsAAP,2026-05-05,https://www.carmax.com/car/KMXJE202400793901,CarMax Virginia Beach,2026-01-02 12:31:00.000 UTC
VEH-0081,,Chevrolet,Traverse,2020.000000000000000000,KMXCH202000813926,41565.000000000000000000,86802.000000000000000000,Charcoal,SUV,Gasoline,Manual,5,Pending,false,,false,,,https://www.carmax.com/car/KMXCH202000813926,CarMax Jacksonville,2026-04-25 20:37:00.000 UTC
VEH-0082,,Toyota,RAV4,2020.000000000000000000,KMXTO202000824764,43468.000000000000000000,104807.000000000000000000,Brown,SUV,Hybrid,Automatic,5,In Inventory,false,,false,,,https://www.carmax.com/car/KMXTO202000824764,CarMax Austin,2026-03-07 14:16:00.000 UTC
VEH-0083,,Mercedes-Benz,GLE 350,2020.000000000000000000,KMXME202000835461,66533.000000000000000000,53288.000000000000000000,Blue,SUV,Gasoline,CVT,5,In Inventory,false,,false,,,https://www.carmax.com/car/KMXME202000835461,CarMax Houston,2026-02-21 19:45:00.000 UTC
VEH-0084,003ak00001QQTVKAA5,Toyota,Corolla,2024.000000000000000000,KMXTO202400847043,19943.000000000000000000,77271.000000000000000000,Beige,Sedan,Gasoline,Automatic,4,Sold,true,2026-05-16,false,,,https://www.carmax.com/car/KMXTO202400847043,CarMax Houston,2026-01-14 16:51:00.000 UTC
VEH-0085,,Mazda,MX-5 Miata,2023.000000000000000000,KMXMA202300856504,45404.000000000000000000,68393.000000000000000000,Burgundy,Coupe,Gasoline,CVT,2,Pending,false,,false,,,https://www.carmax.com/car/KMXMA202300856504,CarMax Richmond,2026-05-08 20:08:00.000 UTC
VEH-0086,003ak00001QQTVPAA5,Genesis,GV80,2020.000000000000000000,KMXGE202000869156,60804.000000000000000000,78191.000000000000000000,Gray,SUV,Gasoline,Automatic,5,Sold,true,2026-05-09,false,,,https://www.carmax.com/car/KMXGE202000869156,CarMax Charlotte,2026-04-22 15:45:00.000 UTC
VEH-0087,003ak00001QQTVGAA5,Audi,A3,2023.000000000000000000,KMXAU202300878184,61384.000000000000000000,57262.000000000000000000,Gray,Sedan,Gasoline,Automatic,4,Sold,true,2026-05-15,false,,,https://www.carmax.com/car/KMXAU202300878184,CarMax Raleigh,2026-03-01 08:09:00.000 UTC
VEH-0088,003ak00001QQTVEAA5,GMC,Yukon,2024.000000000000000000,KMXGM202400883619,45822.000000000000000000,67512.000000000000000000,Burgundy,SUV,Gasoline,Automatic,5,In Inventory,false,,true,003ak00001QQTVEAA5,2026-03-15,https://www.carmax.com/car/KMXGM202400883619,CarMax Houston,2026-04-18 18:58:00.000 UTC
VEH-0089,003ak00001QQTVMAA5,Chevrolet,Bolt EUV,2023.000000000000000000,KMXCH202300896936,41903.000000000000000000,63302.000000000000000000,Black,Hatchback,Electric,Automatic,5,In Inventory,false,,true,003ak00001QQTVMAA5,2026-02-15,https://www.carmax.com/car/KMXCH202300896936,CarMax Austin,2026-03-16 13:06:00.000 UTC
VEH-0090,,Toyota,RAV4,2019.000000000000000000,KMXTO201900906914,19443.000000000000000000,119041.000000000000000000,Gray,SUV,Hybrid,Manual,5,Pending,false,,false,,,https://www.carmax.com/car/KMXTO201900906914,CarMax Atlanta,2026-01-20 08:48:00.000 UTC
VEH-0091,,Jeep,Cherokee,2021.000000000000000000,KMXJE202100911067,46242.000000000000000000,86539.000000000000000000,Gray,SUV,Gasoline,Automatic,5,In Inventory,false,,false,,,https://www.carmax.com/car/KMXJE202100911067,CarMax Houston,2026-05-05 17:56:00.000 UTC
VEH-0092,,Tesla,Model Y,2025.000000000000000000,KMXTE202500929762,36870.000000000000000000,77312.000000000000000000,Blue,SUV,Electric,Automatic,5,In Inventory,false,,false,,,https://www.carmax.com/car/KMXTE202500929762,CarMax Tampa,2026-04-13 20:09:00.000 UTC
VEH-0093,003ak00001QQTVCAA5,Kia,EV6,2019.000000000000000000,KMXKI201900932391,18812.000000000000000000,21733.000000000000000000,Charcoal,SUV,Electric,Automatic,5,Sold,true,2026-04-11,false,,,https://www.carmax.com/car/KMXKI201900932391,CarMax Orlando,2026-03-25 08:01:00.000 UTC
VEH-0094,,Infiniti,Q50,2026.000000000000000000,KMXIN202600945273,46608.000000000000000000,75423.000000000000000000,Orange,Sedan,Gasoline,Automatic,4,In Inventory,false,,false,,,https://www.carmax.com/car/KMXIN202600945273,CarMax Virginia Beach,2026-02-19 16:13:00.000 UTC
VEH-0095,,Nissan,Frontier,2022.000000000000000000,KMXNI202200959893,60871.000000000000000000,19476.000000000000000000,Gray,Pickup Truck,Gasoline,Automatic,4,In Inventory,false,,false,,,https://www.carmax.com/car/KMXNI202200959893,CarMax Austin,2026-02-02 18:34:00.000 UTC
VEH-0096,003ak00001QQTVDAA5,Honda,Pilot,2022.000000000000000000,KMXHO202200967341,22463.000000000000000000,43668.000000000000000000,Burgundy,SUV,Gasoline,CVT,5,In Inventory,false,,true,003ak00001QQTVDAA5,2026-04-18,https://www.carmax.com/car/KMXHO202200967341,CarMax Tampa,2026-02-06 18:54:00.000 UTC
VEH-0097,,Lexus,RX 350,2025.000000000000000000,KMXLE202500974996,52548.000000000000000000,35030.000000000000000000,Brown,SUV,Gasoline,Automatic,5,In Inventory,false,,false,,,https://www.carmax.com/car/KMXLE202500974996,CarMax Houston,2026-04-10 15:11:00.000 UTC
VEH-0098,003ak00001QQTV9AAP,Volkswagen,Atlas,2020.000000000000000000,KMXVO202000987910,31945.000000000000000000,43092.000000000000000000,Gray,SUV,Gasoline,Automatic,5,Sold,true,2026-05-26,false,,,https://www.carmax.com/car/KMXVO202000987910,CarMax Richmond,2026-01-15 18:21:00.000 UTC
VEH-0099,,Infiniti,QX60,2019.000000000000000000,KMXIN201900995613,37049.000000000000000000,105067.000000000000000000,Orange,SUV,Gasoline,CVT,5,In Inventory,false,,false,,,https://www.carmax.com/car/KMXIN201900995613,CarMax Tampa,2026-02-04 17:45:00.000 UTC
VEH-0100,,Porsche,Cayenne,2023.000000000000000000,KMXPO202301008377,73929.000000000000000000,17882.000000000000000000,Black,SUV,Gasoline,CVT,5,In Inventory,false,,false,,,https://www.carmax.com/car/KMXPO202301008377,CarMax Raleigh,2026-01-14 10:06:00.000 UTC
VEH-0101,,Porsche,Macan,2021.000000000000000000,KMXPO202101019466,63202.000000000000000000,51278.000000000000000000,Orange,SUV,Gasoline,Automatic,5,In Inventory,false,,false,,,https://www.carmax.com/car/KMXPO202101019466,CarMax Charlotte,2026-03-11 10:16:00.000 UTC
VEH-0102,,Toyota,Tundra,2023.000000000000000000,KMXTO202301026433,28755.000000000000000000,31331.000000000000000000,White,Pickup Truck,Gasoline,Automatic,4,In Inventory,false,,false,,,https://www.carmax.com/car/KMXTO202301026433,CarMax Raleigh,2026-01-04 18:35:00.000 UTC
VEH-0103,,Mercedes-Benz,E350,2026.000000000000000000,KMXME202601038959,32491.000000000000000000,41927.000000000000000000,Orange,Sedan,Gasoline,Automatic,4,Pending,false,,false,,,https://www.carmax.com/car/KMXME202601038959,CarMax Atlanta,2026-05-15 14:43:00.000 UTC
VEH-0104,,Infiniti,Q50,2023.000000000000000000,KMXIN202301046099,37351.000000000000000000,94239.000000000000000000,Green,Sedan,Gasoline,Automatic,4,In Inventory,false,,false,,,https://www.carmax.com/car/KMXIN202301046099,CarMax Richmond,2026-03-23 13:18:00.000 UTC
VEH-0105,003ak00001QQTVsAAP,Porsche,Cayenne,2023.000000000000000000,KMXPO202301056460,68378.000000000000000000,71561.000000000000000000,Red,SUV,Gasoline,Automatic,5,In Inventory,false,,true,003ak00001QQTVsAAP,2026-01-02,https://www.carmax.com/car/KMXPO202301056460,CarMax Atlanta,2026-05-02 19:07:00.000 UTC
VEH-0106,,BMW,X1,2024.000000000000000000,KMXBM202401068824,31887.000000000000000000,76276.000000000000000000,Silver,SUV,Gasoline,Automatic,5,In Inventory,false,,false,,,https://www.carmax.com/car/KMXBM202401068824,CarMax Orlando,2026-04-13 14:15:00.000 UTC
VEH-0107,003ak00001QQTVwAAP,Infiniti,QX60,2021.000000000000000000,KMXIN202101073404,15862.000000000000000000,104620.000000000000000000,Beige,SUV,Gasoline,CVT,5,Sold,true,2026-01-09,false,,,https://www.carmax.com/car/KMXIN202101073404,CarMax Nashville,2026-03-26 10:14:00.000 UTC
VEH-0108,,Audi,A3,2025.000000000000000000,KMXAU202501084457,39087.000000000000000000,12223.000000000000000000,Charcoal,Sedan,Gasoline,Manual,4,In Inventory,false,,false,,,https://www.carmax.com/car/KMXAU202501084457,CarMax Virginia Beach,2026-05-02 18:55:00.000 UTC
VEH-0109,003ak00001QQTVHAA5,GMC,Acadia,2024.000000000000000000,KMXGM202401099296,34807.000000000000000000,86728.000000000000000000,Charcoal,SUV,Gasoline,Automatic,5,Sold,true,2026-05-28,false,,,https://www.carmax.com/car/KMXGM202401099296,CarMax Richmond,2026-02-16 08:14:00.000 UTC
VEH-0110,,BMW,430i,2025.000000000000000000,KMXBM202501105717,66804.000000000000000000,45547.000000000000000000,Charcoal,Coupe,Gasoline,Automatic,2,In Inventory,false,,false,,,https://www.carmax.com/car/KMXBM202501105717,CarMax Atlanta,2026-03-12 15:40:00.000 UTC
VEH-0111,003ak00001QQTV7AAP,Volkswagen,Taos,2023.000000000000000000,KMXVO202301113462,40905.000000000000000000,64051.000000000000000000,White,SUV,Gasoline,Automatic,5,In Inventory,false,,true,003ak00001QQTV7AAP,2026-01-10,https://www.carmax.com/car/KMXVO202301113462,CarMax Orlando,2026-05-23 14:50:00.000 UTC
VEH-0112,,Mercedes-Benz,A220,2023.000000000000000000,KMXME202301122808,31202.000000000000000000,28958.000000000000000000,Charcoal,Sedan,Gasoline,CVT,4,In Inventory,false,,false,,,https://www.carmax.com/car/KMXME202301122808,CarMax Jacksonville,2026-05-10 17:02:00.000 UTC
VEH-0113,,Mazda,MX-5 Miata,2021.000000000000000000,KMXMA202101137668,19605.000000000000000000,111020.000000000000000000,Green,Coupe,Gasoline,Automatic,2,In Inventory,false,,false,,,https://www.carmax.com/car/KMXMA202101137668,CarMax Orlando,2026-05-09 12:02:00.000 UTC
VEH-0114,,Infiniti,QX60,2021.000000000000000000,KMXIN202101144839,32715.000000000000000000,32564.000000000000000000,Green,SUV,Gasoline,Automatic,5,In Inventory,false,,false,,,https://www.carmax.com/car/KMXIN202101144839,CarMax Atlanta,2026-01-28 17:41:00.000 UTC
VEH-0115,,Lexus,NX 350,2021.000000000000000000,KMXLE202101157765,41771.000000000000000000,85660.000000000000000000,Silver,SUV,Gasoline,Automatic,5,In Inventory,false,,false,,,https://www.carmax.com/car/KMXLE202101157765,CarMax Virginia Beach,2026-01-04 16:42:00.000 UTC
VEH-0116,,Acura,MDX,2024.000000000000000000,KMXAC202401161833,33834.000000000000000000,70247.000000000000000000,Silver,SUV,Gasoline,Automatic,5,In Inventory,false,,false,,,https://www.carmax.com/car/KMXAC202401161833,CarMax Dallas,2026-05-08 10:06:00.000 UTC
VEH-0117,,Volkswagen,Tiguan,2020.000000000000000000,KMXVO202001175996,33758.000000000000000000,60586.000000000000000000,Brown,SUV,Gasoline,Automatic,5,In Inventory,false,,false,,,https://www.carmax.com/car/KMXVO202001175996,CarMax Houston,2026-01-18 16:15:00.000 UTC
VEH-0118,,Infiniti,Q50,2024.000000000000000000,KMXIN202401182081,19758.000000000000000000,41397.000000000000000000,Blue,Sedan,Gasoline,Automatic,4,In Inventory,false,,false,,,https://www.carmax.com/car/KMXIN202401182081,CarMax Austin,2026-02-06 13:27:00.000 UTC
VEH-0119,,Nissan,Pathfinder,2026.000000000000000000,KMXNI202601196283,25583.000000000000000000,61187.000000000000000000,Gray,SUV,Gasoline,Automatic,5,In Inventory,false,,false,,,https://www.carmax.com/car/KMXNI202601196283,CarMax Jacksonville,2026-03-25 20:22:00.000 UTC
VEH-0120,003ak00001QQTVNAA5,Ram,2500,2022.000000000000000000,KMXRA202201203023,62130.000000000000000000,71530.000000000000000000,Blue,Pickup Truck,Gasoline,Automatic,4,Sold,true,2026-04-09,false,,,https://www.carmax.com/car/KMXRA202201203023,CarMax Orlando,2026-01-11 12:53:00.000 UTC
VEH-0121,,BMW,X1,2023.000000000000000000,KMXBM202301214070,39402.000000000000000000,16652.000000000000000000,Blue,SUV,Gasoline,CVT,5,In Inventory,false,,false,,,https://www.carmax.com/car/KMXBM202301214070,CarMax Raleigh,2026-05-15 18:25:00.000 UTC
VEH-0122,,Audi,Q7,2025.000000000000000000,KMXAU202501225414,74510.000000000000000000,89393.000000000000000000,Charcoal,SUV,Gasoline,Automatic,5,In Inventory,false,,false,,,https://www.carmax.com/car/KMXAU202501225414,CarMax Austin,2026-05-17 11:27:00.000 UTC
VEH-0123,,Nissan,Rogue,2025.000000000000000000,KMXNI202501233267,31501.000000000000000000,92472.000000000000000000,Blue,SUV,Gasoline,CVT,5,In Inventory,false,,false,,,https://www.carmax.com/car/KMXNI202501233267,CarMax Virginia Beach,2026-03-19 18:39:00.000 UTC
VEH-0124,003ak00001QQTVPAA5,Porsche,Macan,2026.000000000000000000,KMXPO202601245440,32457.000000000000000000,83897.000000000000000000,Black,SUV,Gasoline,Automatic,5,In Inventory,false,,true,003ak00001QQTVPAA5,2026-05-09,https://www.carmax.com/car/KMXPO202601245440,CarMax Austin,2026-03-11 08:49:00.000 UTC
VEH-0125,003ak00001QQTVFAA5,Volvo,S60,2024.000000000000000000,KMXVO202401252035,26298.000000000000000000,1993.000000000000000000,Black,Sedan,Gasoline,CVT,4,Sold,true,2026-02-23,false,,,https://www.carmax.com/car/KMXVO202401252035,CarMax Virginia Beach,2026-03-08 15:13:00.000 UTC
VEH-0126,,Tesla,Model Y,2025.000000000000000000,KMXTE202501267839,64644.000000000000000000,17965.000000000000000000,Black,SUV,Electric,Automatic,5,Pending,false,,false,,,https://www.carmax.com/car/KMXTE202501267839,CarMax Richmond,2026-03-14 08:11:00.000 UTC
VEH-0127,,GMC,Terrain,2026.000000000000000000,KMXGM202601279623,36515.000000000000000000,42157.000000000000000000,Orange,SUV,Gasoline,Automatic,5,In Inventory,false,,false,,,https://www.carmax.com/car/KMXGM202601279623,CarMax Houston,2026-03-16 13:53:00.000 UTC
VEH-0128,003ak00001QQTVJAA5,Acura,Integra,2021.000000000000000000,KMXAC202101281285,37998.000000000000000000,113954.000000000000000000,Brown,Sedan,Gasoline,Automatic,4,Sold,true,2026-04-10,false,,,https://www.carmax.com/car/KMXAC202101281285,CarMax Atlanta,2026-03-09 16:53:00.000 UTC
VEH-0129,,Kia,Sorento,2019.000000000000000000,KMXKI201901296385,47355.000000000000000000,115381.000000000000000000,Charcoal,SUV,Gasoline,CVT,5,In Inventory,false,,false,,,https://www.carmax.com/car/KMXKI201901296385,CarMax Raleigh,2026-04-20 09:54:00.000 UTC
VEH-0130,,GMC,Canyon,2024.000000000000000000,KMXGM202401307412,47256.000000000000000000,24245.000000000000000000,Black,Pickup Truck,Gasoline,Automatic,4,In Inventory,false,,false,,,https://www.carmax.com/car/KMXGM202401307412,CarMax Tampa,2026-02-25 12:55:00.000 UTC
VEH-0131,003ak00001QQTVNAA5,Mazda,CX-5,2022.000000000000000000,KMXMA202201311378,29787.000000000000000000,71228.000000000000000000,Beige,SUV,Gasoline,Automatic,5,Sold,true,2026-03-25,false,,,https://www.carmax.com/car/KMXMA202201311378,CarMax Tampa,2026-02-17 11:50:00.000 UTC
VEH-0132,,Genesis,G70,2021.000000000000000000,KMXGE202101328325,53838.000000000000000000,84822.000000000000000000,Orange,Sedan,Gasoline,Automatic,4,In Inventory,false,,false,,,https://www.carmax.com/car/KMXGE202101328325,CarMax Jacksonville,2026-05-07 10:38:00.000 UTC
VEH-0133,,BMW,430i,2021.000000000000000000,KMXBM202101332720,34002.000000000000000000,51748.000000000000000000,Burgundy,Coupe,Gasoline,Automatic,2,Pending,false,,false,,,https://www.carmax.com/car/KMXBM202101332720,CarMax Raleigh,2026-02-05 12:34:00.000 UTC
VEH-0134,003ak00001QQTVJAA5,BMW,M3,2021.000000000000000000,KMXBM202101343445,42165.000000000000000000,69252.000000000000000000,Pearl White,Sedan,Gasoline,Automatic,4,In Inventory,false,,true,003ak00001QQTVJAA5,2026-05-03,https://www.carmax.com/car/KMXBM202101343445,CarMax Dallas,2026-04-18 08:19:00.000 UTC
VEH-0135,,Dodge,Hornet,2021.000000000000000000,KMXDO202101355253,47307.000000000000000000,76713.000000000000000000,White,SUV,Gasoline,Automatic,5,In Inventory,false,,false,,,https://www.carmax.com/car/KMXDO202101355253,CarMax Richmond,2026-01-12 17:54:00.000 UTC
VEH-0136,003ak00001QQTVsAAP,Jeep,Cherokee,2019.000000000000000000,KMXJE201901363147,26538.000000000000000000,70422.000000000000000000,Pearl White,SUV,Gasoline,Automatic,5,Sold,true,2026-04-07,false,,,https://www.carmax.com/car/KMXJE201901363147,CarMax Nashville,2026-02-27 10:15:00.000 UTC
VEH-0137,003ak00001QQTVnAAP,Mercedes-Benz,GLC 300,2025.000000000000000000,KMXME202501376546,53802.000000000000000000,40962.000000000000000000,Pearl White,SUV,Gasoline,Automatic,5,Sold,true,2026-02-24,false,,,https://www.carmax.com/car/KMXME202501376546,CarMax Jacksonville,2026-04-18 17:30:00.000 UTC
VEH-0138,,Kia,Telluride,2020.000000000000000000,KMXKI202001385639,24359.000000000000000000,37560.000000000000000000,Gray,SUV,Gasoline,Automatic,5,Pending,false,,false,,,https://www.carmax.com/car/KMXKI202001385639,CarMax Austin,2026-04-07 14:01:00.000 UTC
VEH-0139,,BMW,430i,2023.000000000000000000,KMXBM202301394763,56103.000000000000000000,62965.000000000000000000,Beige,Coupe,Gasoline,Automatic,2,In Inventory,false,,false,,,https://www.carmax.com/car/KMXBM202301394763,CarMax Houston,2026-03-27 13:31:00.000 UTC
VEH-0140,,Chevrolet,Camaro,2021.000000000000000000,KMXCH202101408335,37527.000000000000000000,64466.000000000000000000,Orange,Coupe,Gasoline,Automatic,2,In Inventory,false,,false,,,https://www.carmax.com/car/KMXCH202101408335,CarMax Austin,2026-05-02 19:42:00.000 UTC
VEH-0141,003ak00001QQTVmAAP,Porsche,Macan,2020.000000000000000000,KMXPO202001417042,52671.000000000000000000,119392.000000000000000000,Beige,SUV,Gasoline,CVT,5,Sold,true,2026-01-19,false,,,https://www.carmax.com/car/KMXPO202001417042,CarMax Tampa,2026-01-27 12:18:00.000 UTC
VEH-0142,,Honda,Civic,2026.000000000000000000,KMXHO202601428397,39312.000000000000000000,60395.000000000000000000,Orange,Sedan,Gasoline,Manual,4,In Inventory,false,,false,,,https://www.carmax.com/car/KMXHO202601428397,CarMax Houston,2026-05-01 10:57:00.000 UTC
VEH-0143,,Toyota,RAV4,2025.000000000000000000,KMXTO202501432204,30708.000000000000000000,6554.000000000000000000,Midnight Blue,SUV,Hybrid,Automatic,5,In Inventory,false,,false,,,https://www.carmax.com/car/KMXTO202501432204,CarMax Charlotte,2026-05-17 09:46:00.000 UTC
VEH-0144,003ak00001QQTVBAA5,Nissan,Altima,2023.000000000000000000,KMXNI202301447170,35119.000000000000000000,90999.000000000000000000,Gray,Sedan,Gasoline,Automatic,4,In Inventory,false,,true,003ak00001QQTVBAA5,2026-05-06,https://www.carmax.com/car/KMXNI202301447170,CarMax Nashville,2026-02-17 13:26:00.000 UTC
VEH-0145,003ak00001QQTVCAA5,Dodge,Charger,2020.000000000000000000,KMXDO202001458711,39009.000000000000000000,84456.000000000000000000,White,Sedan,Gasoline,Automatic,4,Sold,true,2026-04-26,false,,,https://www.carmax.com/car/KMXDO202001458711,CarMax Houston,2026-02-13 19:02:00.000 UTC
VEH-0146,,BMW,X5,2022.000000000000000000,KMXBM202201467833,47518.000000000000000000,111372.000000000000000000,Orange,SUV,Gasoline,Automatic,5,In Inventory,false,,false,,,https://www.carmax.com/car/KMXBM202201467833,CarMax Richmond,2026-03-20 16:10:00.000 UTC
VEH-0147,,Chevrolet,Tahoe,2024.000000000000000000,KMXCH202401473841,18979.000000000000000000,22790.000000000000000000,Brown,SUV,Gasoline,CVT,5,Pending,false,,false,,,https://www.carmax.com/car/KMXCH202401473841,CarMax Nashville,2026-01-26 09:51:00.000 UTC
VEH-0148,,Mazda,CX-5,2022.000000000000000000,KMXMA202201483577,31214.000000000000000000,83776.000000000000000000,Blue,SUV,Gasoline,Automatic,5,In Inventory,false,,false,,,https://www.carmax.com/car/KMXMA202201483577,CarMax Orlando,2026-01-09 10:59:00.000 UTC
VEH-0149,003ak00001QQTVGAA5,Kia,K5,2020.000000000000000000,KMXKI202001496864,16331.000000000000000000,105946.000000000000000000,Brown,Sedan,Gasoline,Automatic,4,Sold,true,2026-04-02,false,,,https://www.carmax.com/car/KMXKI202001496864,CarMax Tampa,2026-01-28 11:41:00.000 UTC
VEH-0150,,Tesla,Model Y,2021.000000000000000000,KMXTE202101509544,46292.000000000000000000,41817.000000000000000000,White,SUV,Electric,Automatic,5,In Inventory,false,,false,,,https://www.carmax.com/car/KMXTE202101509544,CarMax Raleigh,2026-05-21 08:30:00.000 UTC
VEH-0151,003ak00001QQTV8AAP,Ford,Maverick,2021.000000000000000000,KMXFO202101518175,63254.000000000000000000,46193.000000000000000000,Brown,Pickup Truck,Gasoline,CVT,4,Sold,true,2026-04-03,false,,,https://www.carmax.com/car/KMXFO202101518175,CarMax Richmond,2026-05-12 11:34:00.000 UTC
VEH-0152,003ak00001QQTVrAAP,Subaru,Outback,2019.000000000000000000,KMXSU201901526419,19857.000000000000000000,103456.000000000000000000,Orange,Wagon,Gasoline,Automatic,5,Sold,true,2026-05-25,false,,,https://www.carmax.com/car/KMXSU201901526419,CarMax Virginia Beach,2026-02-08 10:35:00.000 UTC
VEH-0153,003ak00001QQTVQAA5,Nissan,Frontier,2023.000000000000000000,KMXNI202301539469,55678.000000000000000000,2982.000000000000000000,Red,Pickup Truck,Gasoline,Automatic,4,In Inventory,false,,true,003ak00001QQTVQAA5,2026-02-22,https://www.carmax.com/car/KMXNI202301539469,CarMax Charlotte,2026-02-19 16:49:00.000 UTC
VEH-0154,,Nissan,Altima,2026.000000000000000000,KMXNI202601548210,23088.000000000000000000,50247.000000000000000000,Black,Sedan,Gasoline,Automatic,4,In Inventory,false,,false,,,https://www.carmax.com/car/KMXNI202601548210,CarMax Jacksonville,2026-04-21 14:42:00.000 UTC
VEH-0155,,GMC,Acadia,2020.000000000000000000,KMXGM202001559934,15377.000000000000000000,46194.000000000000000000,Black,SUV,Gasoline,Automatic,5,Pending,false,,false,,,https://www.carmax.com/car/KMXGM202001559934,CarMax Nashville,2026-02-10 17:43:00.000 UTC
VEH-0156,,Ram,1500,2023.000000000000000000,KMXRA202301567963,26871.000000000000000000,23505.000000000000000000,Midnight Blue,Pickup Truck,Gasoline,Automatic,4,In Inventory,false,,false,,,https://www.carmax.com/car/KMXRA202301567963,CarMax Houston,2026-05-04 11:42:00.000 UTC
VEH-0157,,Hyundai,Palisade,2026.000000000000000000,KMXHY202601572482,22334.000000000000000000,80846.000000000000000000,Beige,SUV,Gasoline,Automatic,5,In Inventory,false,,false,,,https://www.carmax.com/car/KMXHY202601572482,CarMax Raleigh,2026-02-14 12:01:00.000 UTC
VEH-0158,,Tesla,Model 3,2025.000000000000000000,KMXTE202501589303,57103.000000000000000000,77473.000000000000000000,Black,Sedan,Electric,Automatic,4,In Inventory,false,,false,,,https://www.carmax.com/car/KMXTE202501589303,CarMax Charlotte,2026-02-27 13:28:00.000 UTC
VEH-0159,003ak00001QQTVZAA5,Mazda,CX-50,2026.000000000000000000,KMXMA202601596819,30443.000000000000000000,82034.000000000000000000,Green,SUV,Gasoline,Automatic,5,In Inventory,false,,true,003ak00001QQTVZAA5,2026-05-01,https://www.carmax.com/car/KMXMA202601596819,CarMax Houston,2026-03-28 13:52:00.000 UTC
VEH-0160,,Kia,Sportage,2023.000000000000000000,KMXKI202301606287,35327.000000000000000000,13804.000000000000000000,Gray,SUV,Gasoline,Automatic,5,In Inventory,false,,false,,,https://www.carmax.com/car/KMXKI202301606287,CarMax Nashville,2026-02-20 13:41:00.000 UTC
VEH-0161,003ak00001QQTVmAAP,Kia,Sorento,2023.000000000000000000,KMXKI202301618116,38775.000000000000000000,46065.000000000000000000,Charcoal,SUV,Gasoline,Automatic,5,Sold,true,2026-05-27,false,,,https://www.carmax.com/car/KMXKI202301618116,CarMax Houston,2026-02-06 16:19:00.000 UTC
VEH-0162,003ak00001QQTVYAA5,Kia,Forte,2021.000000000000000000,KMXKI202101626642,22194.000000000000000000,64172.000000000000000000,Pearl White,Sedan,Gasoline,Automatic,4,Pending,false,,true,003ak00001QQTVYAA5,2026-05-11,https://www.carmax.com/car/KMXKI202101626642,CarMax Houston,2026-01-20 12:47:00.000 UTC
VEH-0163,003ak00001QQTV8AAP,Audi,Q7,2025.000000000000000000,KMXAU202501633959,63480.000000000000000000,87640.000000000000000000,Charcoal,SUV,Gasoline,Automatic,5,Sold,true,2026-05-08,false,,,https://www.carmax.com/car/KMXAU202501633959,CarMax Dallas,2026-05-12 13:48:00.000 UTC
VEH-0164,,Toyota,Tundra,2025.000000000000000000,KMXTO202501646077,48868.000000000000000000,73797.000000000000000000,Orange,Pickup Truck,Gasoline,Automatic,4,Pending,false,,false,,,https://www.carmax.com/car/KMXTO202501646077,CarMax Nashville,2026-03-28 19:55:00.000 UTC
VEH-0165,003ak00001QQTVnAAP,Chevrolet,Equinox,2022.000000000000000000,KMXCH202201653291,39794.000000000000000000,35617.000000000000000000,Green,SUV,Gasoline,Automatic,5,Sold,true,2026-01-04,false,,,https://www.carmax.com/car/KMXCH202201653291,CarMax Tampa,2026-02-12 08:34:00.000 UTC
VEH-0166,,Kia,EV6,2020.000000000000000000,KMXKI202001666994,36741.000000000000000000,98351.000000000000000000,Beige,SUV,Electric,Automatic,5,Pending,false,,false,,,https://www.carmax.com/car/KMXKI202001666994,CarMax Austin,2026-01-14 11:20:00.000 UTC
VEH-0167,,Toyota,RAV4,2020.000000000000000000,KMXTO202001675479,44207.000000000000000000,28047.000000000000000000,Pearl White,SUV,Hybrid,Automatic,5,In Inventory,false,,false,,,https://www.carmax.com/car/KMXTO202001675479,CarMax Charlotte,2026-02-28 20:35:00.000 UTC
VEH-0168,,Nissan,Kicks,2021.000000000000000000,KMXNI202101682633,36703.000000000000000000,34581.000000000000000000,Brown,SUV,Gasoline,Automatic,5,In Inventory,false,,false,,,https://www.carmax.com/car/KMXNI202101682633,CarMax Houston,2026-01-18 20:27:00.000 UTC
VEH-0169,003ak00001QQTVoAAP,BMW,330i,2019.000000000000000000,KMXBM201901699988,57724.000000000000000000,72906.000000000000000000,Brown,Sedan,Gasoline,Automatic,4,Sold,true,2026-01-14,false,,,https://www.carmax.com/car/KMXBM201901699988,CarMax Richmond,2026-04-16 13:47:00.000 UTC
VEH-0170,003ak00001QQTVFAA5,Hyundai,Ioniq 5,2020.000000000000000000,KMXHY202001704352,30257.000000000000000000,70654.000000000000000000,Black,SUV,Electric,Automatic,5,Sold,true,2026-03-09,false,,,https://www.carmax.com/car/KMXHY202001704352,CarMax Orlando,2026-02-01 10:38:00.000 UTC
VEH-0171,,Porsche,Macan,2020.000000000000000000,KMXPO202001713967,34968.000000000000000000,98066.000000000000000000,Black,SUV,Gasoline,Automatic,5,In Inventory,false,,false,,,https://www.carmax.com/car/KMXPO202001713967,CarMax Dallas,2026-05-09 13:27:00.000 UTC
VEH-0172,003ak00001QQTVAAA5,Ram,2500,2022.000000000000000000,KMXRA202201728927,36880.000000000000000000,69927.000000000000000000,Blue,Pickup Truck,Gasoline,CVT,4,Sold,true,2026-03-14,false,,,https://www.carmax.com/car/KMXRA202201728927,CarMax Richmond,2026-05-20 12:33:00.000 UTC
VEH-0173,003ak00001QQTVNAA5,Rivian,R1T,2022.000000000000000000,KMXRI202201738740,35681.000000000000000000,61900.000000000000000000,Charcoal,Pickup Truck,Electric,Automatic,4,Sold,true,2026-05-08,false,,,https://www.carmax.com/car/KMXRI202201738740,CarMax Tampa,2026-03-09 12:07:00.000 UTC
VEH-0174,003ak00001QQTVJAA5,Toyota,Tacoma,2024.000000000000000000,KMXTO202401745171,47048.000000000000000000,85297.000000000000000000,Green,Pickup Truck,Gasoline,Automatic,4,In Inventory,false,,true,003ak00001QQTVJAA5,2026-04-25,https://www.carmax.com/car/KMXTO202401745171,CarMax Dallas,2026-04-20 14:43:00.000 UTC
VEH-0175,003ak00001QQTVBAA5,Infiniti,Q50,2024.000000000000000000,KMXIN202401758463,37479.000000000000000000,47190.000000000000000000,Green,Sedan,Gasoline,Automatic,4,Sold,true,2026-01-12,false,,,https://www.carmax.com/car/KMXIN202401758463,CarMax Jacksonville,2026-03-26 12:50:00.000 UTC
VEH-0176,,Lexus,IS 350,2019.000000000000000000,KMXLE201901768906,49265.000000000000000000,86394.000000000000000000,Burgundy,Sedan,Gasoline,CVT,4,In Inventory,false,,false,,,https://www.carmax.com/car/KMXLE201901768906,CarMax Richmond,2026-01-25 13:27:00.000 UTC
VEH-0177,,Tesla,Model X,2019.000000000000000000,KMXTE201901773703,31779.000000000000000000,25211.000000000000000000,Gray,SUV,Electric,Automatic,5,In Inventory,false,,false,,,https://www.carmax.com/car/KMXTE201901773703,CarMax Virginia Beach,2026-01-23 13:59:00.000 UTC
VEH-0178,003ak00001QQTVpAAP,Volvo,S60,2026.000000000000000000,KMXVO202601782351,47827.000000000000000000,7625.000000000000000000,Blue,Sedan,Gasoline,Manual,4,Pending,false,,true,003ak00001QQTVpAAP,2026-01-26,https://www.carmax.com/car/KMXVO202601782351,CarMax Virginia Beach,2026-01-28 14:14:00.000 UTC
VEH-0179,,Ford,Bronco,2025.000000000000000000,KMXFO202501791482,42888.000000000000000000,3642.000000000000000000,Burgundy,SUV,Gasoline,CVT,5,In Inventory,false,,false,,,https://www.carmax.com/car/KMXFO202501791482,CarMax Raleigh,2026-04-12 16:43:00.000 UTC
VEH-0180,003ak00001QQTVWAA5,Dodge,Charger,2019.000000000000000000,KMXDO201901806434,23802.000000000000000000,98830.000000000000000000,Beige,Sedan,Gasoline,Automatic,4,In Inventory,false,,true,003ak00001QQTVWAA5,2026-04-27,https://www.carmax.com/car/KMXDO201901806434,CarMax Virginia Beach,2026-05-13 19:03:00.000 UTC
VEH-0181,003ak00001QQTVvAAP,Volkswagen,Atlas,2021.000000000000000000,KMXVO202101811010,20194.000000000000000000,71328.000000000000000000,Gray,SUV,Gasoline,Automatic,5,In Inventory,false,,true,003ak00001QQTVvAAP,2026-03-01,https://www.carmax.com/car/KMXVO202101811010,CarMax Raleigh,2026-04-17 17:09:00.000 UTC
VEH-0182,,Chevrolet,Equinox,2026.000000000000000000,KMXCH202601826061,37554.000000000000000000,10290.000000000000000000,Charcoal,SUV,Gasoline,Automatic,5,In Inventory,false,,false,,,https://www.carmax.com/car/KMXCH202601826061,CarMax Richmond,2026-03-19 18:05:00.000 UTC
VEH-0183,,Subaru,Forester,2024.000000000000000000,KMXSU202401834357,33899.000000000000000000,74196.000000000000000000,Black,SUV,Gasoline,CVT,5,In Inventory,false,,false,,,https://www.carmax.com/car/KMXSU202401834357,CarMax Tampa,2026-01-23 11:29:00.000 UTC
VEH-0184,003ak00001QQTVKAA5,BMW,X3,2021.000000000000000000,KMXBM202101843545,46517.000000000000000000,66163.000000000000000000,Blue,SUV,Gasoline,Automatic,5,Sold,true,2026-02-12,false,,,https://www.carmax.com/car/KMXBM202101843545,CarMax Dallas,2026-04-12 11:12:00.000 UTC
VEH-0185,003ak00001QQTVFAA5,Volkswagen,Tiguan,2021.000000000000000000,KMXVO202101859168,17225.000000000000000000,60239.000000000000000000,Charcoal,SUV,Gasoline,CVT,5,In Inventory,false,,true,003ak00001QQTVFAA5,2026-02-09,https://www.carmax.com/car/KMXVO202101859168,CarMax Atlanta,2026-03-16 18:58:00.000 UTC
VEH-0186,,Dodge,Hornet,2020.000000000000000000,KMXDO202001863724,22096.000000000000000000,103849.000000000000000000,Charcoal,SUV,Gasoline,Automatic,5,In Inventory,false,,false,,,https://www.carmax.com/car/KMXDO202001863724,CarMax Nashville,2026-01-16 13:18:00.000 UTC
VEH-0187,003ak00001QQTVwAAP,Genesis,GV70,2020.000000000000000000,KMXGE202001874815,35903.000000000000000000,100742.000000000000000000,Gray,SUV,Gasoline,Automatic,5,Sold,true,2026-03-04,false,,,https://www.carmax.com/car/KMXGE202001874815,CarMax Tampa,2026-01-01 13:12:00.000 UTC
VEH-0188,,Jeep,Gladiator,2025.000000000000000000,KMXJE202501889952,60429.000000000000000000,29189.000000000000000000,White,Pickup Truck,Gasoline,Manual,4,In Inventory,false,,false,,,https://www.carmax.com/car/KMXJE202501889952,CarMax Orlando,2026-05-23 15:59:00.000 UTC
VEH-0189,,Genesis,G70,2019.000000000000000000,KMXGE201901899196,53794.000000000000000000,85992.000000000000000000,Blue,Sedan,Gasoline,Automatic,4,In Inventory,false,,false,,,https://www.carmax.com/car/KMXGE201901899196,CarMax Tampa,2026-05-12 20:25:00.000 UTC
VEH-0190,003ak00001QQTV8AAP,Porsche,Cayenne,2019.000000000000000000,KMXPO201901906680,74707.000000000000000000,99268.000000000000000000,Orange,SUV,Gasoline,Automatic,5,Sold,true,2026-01-23,false,,,https://www.carmax.com/car/KMXPO201901906680,CarMax Richmond,2026-04-05 18:30:00.000 UTC
VEH-0191,003ak00001QQTVnAAP,Acura,TLX,2020.000000000000000000,KMXAC202001914463,29922.000000000000000000,44564.000000000000000000,Pearl White,Sedan,Gasoline,Automatic,4,In Inventory,false,,true,003ak00001QQTVnAAP,2026-05-16,https://www.carmax.com/car/KMXAC202001914463,CarMax Atlanta,2026-03-07 15:43:00.000 UTC
VEH-0192,,Mercedes-Benz,GLC 300,2025.000000000000000000,KMXME202501929423,43036.000000000000000000,40025.000000000000000000,Silver,SUV,Gasoline,Manual,5,In Inventory,false,,false,,,https://www.carmax.com/car/KMXME202501929423,CarMax Raleigh,2026-04-10 14:52:00.000 UTC
VEH-0193,003ak00001QQTVBAA5,Lexus,ES 350,2020.000000000000000000,KMXLE202001936197,54118.000000000000000000,94682.000000000000000000,Beige,Sedan,Gasoline,Automatic,4,Sold,true,2026-03-25,false,,,https://www.carmax.com/car/KMXLE202001936197,CarMax Jacksonville,2026-05-19 20:45:00.000 UTC
VEH-0194,003ak00001QQTVFAA5,Nissan,Altima,2024.000000000000000000,KMXNI202401948207,26749.000000000000000000,24961.000000000000000000,Black,Sedan,Gasoline,Automatic,4,In Inventory,false,,true,003ak00001QQTVFAA5,2026-05-14,https://www.carmax.com/car/KMXNI202401948207,CarMax Houston,2026-02-08 19:49:00.000 UTC
VEH-0195,,Dodge,Hornet,2019.000000000000000000,KMXDO201901954593,20014.000000000000000000,51160.000000000000000000,Charcoal,SUV,Gasoline,Automatic,5,In Inventory,false,,false,,,https://www.carmax.com/car/KMXDO201901954593,CarMax Houston,2026-03-23 20:04:00.000 UTC
VEH-0196,003ak00001QQTVNAA5,GMC,Canyon,2025.000000000000000000,KMXGM202501965121,30997.000000000000000000,92119.000000000000000000,Pearl White,Pickup Truck,Gasoline,Automatic,4,Sold,true,2026-02-08,false,,,https://www.carmax.com/car/KMXGM202501965121,CarMax Raleigh,2026-01-23 08:33:00.000 UTC
VEH-0197,,Nissan,Kicks,2024.000000000000000000,KMXNI202401973960,31707.000000000000000000,89568.000000000000000000,Blue,SUV,Gasoline,Automatic,5,In Inventory,false,,false,,,https://www.carmax.com/car/KMXNI202401973960,CarMax Virginia Beach,2026-05-09 20:30:00.000 UTC
VEH-0198,,GMC,Sierra 1500,2021.000000000000000000,KMXGM202101984485,51059.000000000000000000,38509.000000000000000000,Green,Pickup Truck,Gasoline,Automatic,4,In Inventory,false,,false,,,https://www.carmax.com/car/KMXGM202101984485,CarMax Charlotte,2026-05-12 14:48:00.000 UTC
VEH-0199,003ak00001QQTVmAAP,Toyota,Prius,2019.000000000000000000,KMXTO201901991911,15042.000000000000000000,97089.000000000000000000,Red,Hatchback,Hybrid,Automatic,5,In Inventory,false,,true,003ak00001QQTVmAAP,2026-05-04,https://www.carmax.com/car/KMXTO201901991911,CarMax Austin,2026-02-01 08:31:00.000 UTC
VEH-0200,,Dodge,Durango,2022.000000000000000000,KMXDO202202008790,46292.000000000000000000,43685.000000000000000000,White,SUV,Gasoline,Automatic,5,In Inventory,false,,false,,,https://www.carmax.com/car/KMXDO202202008790,CarMax Orlando,2026-04-02 11:02:00.000 UTC
VEH-0201,003ak00001QQTV7AAP,GMC,Yukon,2026.000000000000000000,KMXGM202602017934,41558.000000000000000000,10673.000000000000000000,Black,SUV,Gasoline,Automatic,5,In Inventory,false,,true,003ak00001QQTV7AAP,2026-01-08,https://www.carmax.com/car/KMXGM202602017934,CarMax Raleigh,2026-04-08 13:05:00.000 UTC
VEH-0202,,GMC,Terrain,2019.000000000000000000,KMXGM201902021652,14367.000000000000000000,15451.000000000000000000,White,SUV,Gasoline,Automatic,5,In Inventory,false,,false,,,https://www.carmax.com/car/KMXGM201902021652,CarMax Raleigh,2026-02-13 11:48:00.000 UTC
VEH-0203,003ak00001QQTVqAAP,Ford,Mustang,2026.000000000000000000,KMXFO202602032292,37034.000000000000000000,78039.000000000000000000,Gray,Coupe,Gasoline,Automatic,2,In Inventory,false,,true,003ak00001QQTVqAAP,2026-02-25,https://www.carmax.com/car/KMXFO202602032292,CarMax Richmond,2026-01-05 14:28:00.000 UTC
VEH-0204,,Volvo,XC90,2026.000000000000000000,KMXVO202602041266,46694.000000000000000000,23211.000000000000000000,Orange,SUV,Gasoline,Manual,5,In Inventory,false,,false,,,https://www.carmax.com/car/KMXVO202602041266,CarMax Jacksonville,2026-05-06 11:38:00.000 UTC
VEH-0205,003ak00001QQTVDAA5,Ford,Maverick,2022.000000000000000000,KMXFO202202053577,29024.000000000000000000,78789.000000000000000000,Pearl White,Pickup Truck,Gasoline,Automatic,4,Sold,true,2026-01-05,false,,,https://www.carmax.com/car/KMXFO202202053577,CarMax Charlotte,2026-05-14 09:23:00.000 UTC
VEH-0206,,Ram,1500,2023.000000000000000000,KMXRA202302067408,51385.000000000000000000,45170.000000000000000000,Red,Pickup Truck,Gasoline,Automatic,4,In Inventory,false,,false,,,https://www.carmax.com/car/KMXRA202302067408,CarMax Raleigh,2026-05-11 08:27:00.000 UTC
VEH-0207,003ak00001QQTVDAA5,Subaru,Crosstrek,2020.000000000000000000,KMXSU202002076172,41191.000000000000000000,34211.000000000000000000,Charcoal,SUV,Gasoline,CVT,5,Sold,true,2026-01-05,false,,,https://www.carmax.com/car/KMXSU202002076172,CarMax Orlando,2026-05-15 11:16:00.000 UTC
VEH-0208,,Jeep,Grand Cherokee,2026.000000000000000000,KMXJE202602089960,38645.000000000000000000,29884.000000000000000000,Charcoal,SUV,Gasoline,Automatic,5,In Inventory,false,,false,,,https://www.carmax.com/car/KMXJE202602089960,CarMax Jacksonville,2026-04-13 20:09:00.000 UTC
VEH-0209,003ak00001QQTVuAAP,Hyundai,Palisade,2019.000000000000000000,KMXHY201902099639,25392.000000000000000000,84137.000000000000000000,Midnight Blue,SUV,Gasoline,Automatic,5,Pending,false,,true,003ak00001QQTVuAAP,2026-01-24,https://www.carmax.com/car/KMXHY201902099639,CarMax Jacksonville,2026-02-23 19:19:00.000 UTC
VEH-0210,003ak00001QQTVmAAP,Tesla,Model 3,2025.000000000000000000,KMXTE202502103138,42658.000000000000000000,61720.000000000000000000,Midnight Blue,Sedan,Electric,Automatic,4,Sold,true,2026-04-02,false,,,https://www.carmax.com/car/KMXTE202502103138,CarMax Richmond,2026-05-21 19:23:00.000 UTC
VEH-0211,003ak00001QQTVuAAP,Acura,MDX,2026.000000000000000000,KMXAC202602111143,22004.000000000000000000,16291.000000000000000000,Brown,SUV,Gasoline,Automatic,5,In Inventory,false,,true,003ak00001QQTVuAAP,2026-03-28,https://www.carmax.com/car/KMXAC202602111143,CarMax Tampa,2026-01-27 09:14:00.000 UTC
VEH-0212,,Hyundai,Ioniq 5,2024.000000000000000000,KMXHY202402126728,44841.000000000000000000,69440.000000000000000000,Charcoal,SUV,Electric,Automatic,5,In Inventory,false,,false,,,https://www.carmax.com/car/KMXHY202402126728,CarMax Virginia Beach,2026-04-13 19:02:00.000 UTC
VEH-0213,003ak00001QQTVtAAP,BMW,330i,2025.000000000000000000,KMXBM202502139240,41459.000000000000000000,25454.000000000000000000,Beige,Sedan,Gasoline,Automatic,4,In Inventory,false,,true,003ak00001QQTVtAAP,2026-02-18,https://www.carmax.com/car/KMXBM202502139240,CarMax Orlando,2026-04-02 15:02:00.000 UTC
VEH-0214,,Mazda,MX-5 Miata,2025.000000000000000000,KMXMA202502148882,27408.000000000000000000,29526.000000000000000000,Silver,Coupe,Gasoline,Automatic,2,In Inventory,false,,false,,,https://www.carmax.com/car/KMXMA202502148882,CarMax Houston,2026-03-25 14:55:00.000 UTC
VEH-0215,,Nissan,Rogue,2020.000000000000000000,KMXNI202002153639,21810.000000000000000000,110753.000000000000000000,Midnight Blue,SUV,Gasoline,Automatic,5,In Inventory,false,,false,,,https://www.carmax.com/car/KMXNI202002153639,CarMax Richmond,2026-04-07 19:31:00.000 UTC
VEH-0216,003ak00001QQTVHAA5,Rivian,R1T,2020.000000000000000000,KMXRI202002169449,36078.000000000000000000,114935.000000000000000000,Charcoal,Pickup Truck,Electric,Automatic,4,In Inventory,false,,true,003ak00001QQTVHAA5,2026-05-12,https://www.carmax.com/car/KMXRI202002169449,CarMax Raleigh,2026-02-08 18:23:00.000 UTC
VEH-0217,,Honda,HR-V,2025.000000000000000000,KMXHO202502178148,20904.000000000000000000,33754.000000000000000000,Gray,SUV,Gasoline,Automatic,5,In Inventory,false,,false,,,https://www.carmax.com/car/KMXHO202502178148,CarMax Charlotte,2026-04-03 08:12:00.000 UTC
VEH-0218,003ak00001QQTVUAA5,Toyota,4Runner,2021.000000000000000000,KMXTO202102185598,24255.000000000000000000,61463.000000000000000000,Charcoal,SUV,Gasoline,Automatic,5,In Inventory,false,,true,003ak00001QQTVUAA5,2026-02-20,https://www.carmax.com/car/KMXTO202102185598,CarMax Virginia Beach,2026-01-12 19:07:00.000 UTC
VEH-0219,,Acura,TLX,2020.000000000000000000,KMXAC202002197687,32932.000000000000000000,89370.000000000000000000,White,Sedan,Gasoline,Automatic,4,In Inventory,false,,false,,,https://www.carmax.com/car/KMXAC202002197687,CarMax Tampa,2026-02-26 11:32:00.000 UTC
VEH-0220,003ak00001QQTVUAA5,Acura,MDX,2022.000000000000000000,KMXAC202202205914,21460.000000000000000000,39219.000000000000000000,Silver,SUV,Gasoline,Automatic,5,In Inventory,false,,true,003ak00001QQTVUAA5,2026-04-16,https://www.carmax.com/car/KMXAC202202205914,CarMax Atlanta,2026-05-22 19:24:00.000 UTC
VEH-0221,,Mazda,CX-5,2023.000000000000000000,KMXMA202302211156,33983.000000000000000000,38011.000000000000000000,Charcoal,SUV,Gasoline,Automatic,5,In Inventory,false,,false,,,https://www.carmax.com/car/KMXMA202302211156,CarMax Nashville,2026-05-23 13:18:00.000 UTC
VEH-0222,,Jeep,Wrangler,2026.000000000000000000,KMXJE202602226642,18616.000000000000000000,80998.000000000000000000,Burgundy,SUV,Gasoline,Automatic,5,In Inventory,false,,false,,,https://www.carmax.com/car/KMXJE202602226642,CarMax Austin,2026-04-10 12:46:00.000 UTC
VEH-0223,003ak00001QQTVwAAP,Mazda,CX-9,2019.000000000000000000,KMXMA201902234616,19780.000000000000000000,95370.000000000000000000,Gray,SUV,Gasoline,Automatic,5,Sold,true,2026-03-19,false,,,https://www.carmax.com/car/KMXMA201902234616,CarMax Nashville,2026-01-22 13:21:00.000 UTC
VEH-0224,,Mazda,CX-50,2026.000000000000000000,KMXMA202602241140,41071.000000000000000000,44771.000000000000000000,Green,SUV,Gasoline,Automatic,5,Pending,false,,false,,,https://www.carmax.com/car/KMXMA202602241140,CarMax Raleigh,2026-02-08 11:32:00.000 UTC
VEH-0225,003ak00001QQTV8AAP,Infiniti,QX60,2025.000000000000000000,KMXIN202502258127,44449.000000000000000000,1831.000000000000000000,Orange,SUV,Gasoline,Automatic,5,Sold,true,2026-05-10,false,,,https://www.carmax.com/car/KMXIN202502258127,CarMax Dallas,2026-04-10 12:18:00.000 UTC
VEH-0226,003ak00001QQTVHAA5,Honda,Accord,2026.000000000000000000,KMXHO202602263340,34537.000000000000000000,71199.000000000000000000,Gray,Sedan,Gasoline,Automatic,4,In Inventory,false,,true,003ak00001QQTVHAA5,2026-04-17,https://www.carmax.com/car/KMXHO202602263340,CarMax Virginia Beach,2026-04-13 18:58:00.000 UTC
VEH-0227,003ak00001QQTVOAA5,Ram,2500,2024.000000000000000000,KMXRA202402272045,44794.000000000000000000,8118.000000000000000000,Brown,Pickup Truck,Gasoline,CVT,4,Sold,true,2026-02-19,false,,,https://www.carmax.com/car/KMXRA202402272045,CarMax Tampa,2026-05-06 08:42:00.000 UTC
VEH-0228,,Lexus,ES 350,2021.000000000000000000,KMXLE202102281444,71026.000000000000000000,72870.000000000000000000,Green,Sedan,Gasoline,CVT,4,Pending,false,,false,,,https://www.carmax.com/car/KMXLE202102281444,CarMax Dallas,2026-03-08 19:58:00.000 UTC
VEH-0229,003ak00001QQTVSAA5,Volvo,XC90,2020.000000000000000000,KMXVO202002292473,15700.000000000000000000,82846.000000000000000000,Orange,SUV,Gasoline,Manual,5,In Inventory,false,,true,003ak00001QQTVSAA5,2026-02-06,https://www.carmax.com/car/KMXVO202002292473,CarMax Houston,2026-04-22 08:01:00.000 UTC
VEH-0230,003ak00001QQTVmAAP,Toyota,Supra,2019.000000000000000000,KMXTO201902302146,23488.000000000000000000,83334.000000000000000000,Blue,Coupe,Gasoline,Manual,2,Sold,true,2026-04-24,false,,,https://www.carmax.com/car/KMXTO201902302146,CarMax Raleigh,2026-02-16 16:09:00.000 UTC
VEH-0231,003ak00001QQTVNAA5,BMW,X5,2023.000000000000000000,KMXBM202302313848,60605.000000000000000000,36307.000000000000000000,Green,SUV,Gasoline,Automatic,5,In Inventory,false,,true,003ak00001QQTVNAA5,2026-04-15,https://www.carmax.com/car/KMXBM202302313848,CarMax Nashville,2026-03-07 10:40:00.000 UTC
VEH-0232,,Dodge,Charger,2020.000000000000000000,KMXDO202002324755,38402.000000000000000000,114567.000000000000000000,Blue,Sedan,Gasoline,Automatic,4,In Inventory,false,,false,,,https://www.carmax.com/car/KMXDO202002324755,CarMax Raleigh,2026-04-21 20:38:00.000 UTC
VEH-0233,003ak00001QQTVtAAP,Mazda,CX-9,2021.000000000000000000,KMXMA202102339408,25289.000000000000000000,84701.000000000000000000,Orange,SUV,Gasoline,Automatic,5,In Inventory,false,,true,003ak00001QQTVtAAP,2026-04-23,https://www.carmax.com/car/KMXMA202102339408,CarMax Dallas,2026-01-26 11:13:00.000 UTC
VEH-0234,,Mazda,MX-5 Miata,2025.000000000000000000,KMXMA202502348736,24903.000000000000000000,12250.000000000000000000,Gray,Coupe,Gasoline,Automatic,2,In Inventory,false,,false,,,https://www.carmax.com/car/KMXMA202502348736,CarMax Tampa,2026-02-25 09:11:00.000 UTC
VEH-0235,003ak00001QQTVKAA5,Jeep,Gladiator,2020.000000000000000000,KMXJE202002355868,33325.000000000000000000,64023.000000000000000000,Silver,Pickup Truck,Gasoline,Manual,4,In Inventory,false,,true,003ak00001QQTVKAA5,2026-03-16,https://www.carmax.com/car/KMXJE202002355868,CarMax Dallas,2026-02-02 15:18:00.000 UTC
VEH-0236,003ak00001QQTVIAA5,Ram,1500,2026.000000000000000000,KMXRA202602362278,51489.000000000000000000,39392.000000000000000000,Red,Pickup Truck,Gasoline,Automatic,4,Sold,true,2026-04-24,false,,,https://www.carmax.com/car/KMXRA202602362278,CarMax Virginia Beach,2026-04-28 20:02:00.000 UTC
VEH-0237,,Jeep,Cherokee,2019.000000000000000000,KMXJE201902371926,33190.000000000000000000,95203.000000000000000000,Burgundy,SUV,Gasoline,Automatic,5,In Inventory,false,,false,,,https://www.carmax.com/car/KMXJE201902371926,CarMax Raleigh,2026-04-02 17:27:00.000 UTC
VEH-0238,,Acura,TLX,2024.000000000000000000,KMXAC202402381602,44039.000000000000000000,93859.000000000000000000,Beige,Sedan,Gasoline,Automatic,4,In Inventory,false,,false,,,https://www.carmax.com/car/KMXAC202402381602,CarMax Orlando,2026-01-10 16:07:00.000 UTC
VEH-0239,003ak00001QQTVPAA5,Chevrolet,Equinox,2022.000000000000000000,KMXCH202202391838,42080.000000000000000000,48795.000000000000000000,Burgundy,SUV,Gasoline,Automatic,5,In Inventory,false,,true,003ak00001QQTVPAA5,2026-05-24,https://www.carmax.com/car/KMXCH202202391838,CarMax Austin,2026-01-18 19:53:00.000 UTC
VEH-0240,,Ford,Bronco,2024.000000000000000000,KMXFO202402409427,41586.000000000000000000,2518.000000000000000000,Black,SUV,Gasoline,Automatic,5,Pending,false,,false,,,https://www.carmax.com/car/KMXFO202402409427,CarMax Richmond,2026-01-19 19:58:00.000 UTC
VEH-0241,003ak00001QQTVFAA5,Genesis,G70,2023.000000000000000000,KMXGE202302415044,34232.000000000000000000,13864.000000000000000000,Red,Sedan,Gasoline,Automatic,4,Sold,true,2026-02-25,false,,,https://www.carmax.com/car/KMXGE202302415044,CarMax Houston,2026-03-24 18:15:00.000 UTC
VEH-0242,,Ford,F-150,2021.000000000000000000,KMXFO202102425601,62457.000000000000000000,97261.000000000000000000,Orange,Pickup Truck,Gasoline,Automatic,4,In Inventory,false,,false,,,https://www.carmax.com/car/KMXFO202102425601,CarMax Virginia Beach,2026-01-18 18:32:00.000 UTC
VEH-0243,003ak00001QQTVKAA5,Rivian,R1S,2023.000000000000000000,KMXRI202302438677,51703.000000000000000000,33217.000000000000000000,Black,SUV,Electric,Automatic,5,Pending,false,,true,003ak00001QQTVKAA5,2026-05-25,https://www.carmax.com/car/KMXRI202302438677,CarMax Raleigh,2026-02-08 15:40:00.000 UTC
VEH-0244,003ak00001QQTVwAAP,Dodge,Challenger,2020.000000000000000000,KMXDO202002446473,35395.000000000000000000,33501.000000000000000000,Blue,Coupe,Gasoline,Automatic,2,Sold,true,2026-03-19,false,,,https://www.carmax.com/car/KMXDO202002446473,CarMax Houston,2026-03-09 19:32:00.000 UTC
VEH-0245,,Jeep,Compass,2019.000000000000000000,KMXJE201902455961,37945.000000000000000000,61370.000000000000000000,Green,SUV,Gasoline,CVT,5,In Inventory,false,,false,,,https://www.carmax.com/car/KMXJE201902455961,CarMax Jacksonville,2026-02-25 13:11:00.000 UTC
VEH-0246,003ak00001QQTVBAA5,Nissan,Frontier,2020.000000000000000000,KMXNI202002467826,39048.000000000000000000,18796.000000000000000000,Pearl White,Pickup Truck,Gasoline,Automatic,4,Sold,true,2026-03-01,false,,,https://www.carmax.com/car/KMXNI202002467826,CarMax Orlando,2026-04-03 11:23:00.000 UTC
VEH-0247,003ak00001QQTVrAAP,Lexus,GX 460,2023.000000000000000000,KMXLE202302473066,72503.000000000000000000,85061.000000000000000000,Orange,SUV,Gasoline,Automatic,5,Sold,true,2026-02-03,false,,,https://www.carmax.com/car/KMXLE202302473066,CarMax Tampa,2026-01-21 12:42:00.000 UTC
VEH-0248,,Dodge,Durango,2023.000000000000000000,KMXDO202302483906,46234.000000000000000000,60821.000000000000000000,Brown,SUV,Gasoline,Automatic,5,In Inventory,false,,false,,,https://www.carmax.com/car/KMXDO202302483906,CarMax Houston,2026-04-07 18:56:00.000 UTC
VEH-0249,,GMC,Yukon,2020.000000000000000000,KMXGM202002498046,34205.000000000000000000,24836.000000000000000000,Beige,SUV,Gasoline,Automatic,5,In Inventory,false,,false,,,https://www.carmax.com/car/KMXGM202002498046,CarMax Nashville,2026-01-27 11:41:00.000 UTC
VEH-0250,,Jeep,Grand Cherokee,2025.000000000000000000,KMXJE202502509055,41736.000000000000000000,14224.000000000000000000,Blue,SUV,Gasoline,Automatic,5,In Inventory,false,,false,,,https://www.carmax.com/car/KMXJE202502509055,CarMax Atlanta,2026-05-22 13:17:00.000 UTC
VEH-0251,,Porsche,Cayenne,2019.000000000000000000,KMXPO201902516851,55053.000000000000000000,84660.000000000000000000,Black,SUV,Gasoline,Automatic,5,In Inventory,false,,false,,,https://www.carmax.com/car/KMXPO201902516851,CarMax Houston,2026-02-23 12:44:00.000 UTC
VEH-0252,,Tesla,Model Y,2021.000000000000000000,KMXTE202102522921,40155.000000000000000000,80542.000000000000000000,Charcoal,SUV,Electric,Automatic,5,In Inventory,false,,false,,,https://www.carmax.com/car/KMXTE202102522921,CarMax Raleigh,2026-05-11 10:42:00.000 UTC
VEH-0253,,Audi,A4,2021.000000000000000000,KMXAU202102539842,70978.000000000000000000,115038.000000000000000000,Orange,Sedan,Gasoline,Automatic,4,In Inventory,false,,false,,,https://www.carmax.com/car/KMXAU202102539842,CarMax Austin,2026-04-18 09:53:00.000 UTC
VEH-0254,,GMC,Canyon,2026.000000000000000000,KMXGM202602547706,62457.000000000000000000,77434.000000000000000000,Green,Pickup Truck,Gasoline,Manual,4,In Inventory,false,,false,,,https://www.carmax.com/car/KMXGM202602547706,CarMax Austin,2026-01-16 17:29:00.000 UTC
VEH-0255,,Acura,TLX,2024.000000000000000000,KMXAC202402557426,40957.000000000000000000,2005.000000000000000000,Midnight Blue,Sedan,Gasoline,Automatic,4,In Inventory,false,,false,,,https://www.carmax.com/car/KMXAC202402557426,CarMax Orlando,2026-03-25 12:41:00.000 UTC
VEH-0256,003ak00001QQTVqAAP,Rivian,R1T,2026.000000000000000000,KMXRI202602561771,60796.000000000000000000,65240.000000000000000000,Beige,Pickup Truck,Electric,Automatic,4,Sold,true,2026-03-25,false,,,https://www.carmax.com/car/KMXRI202602561771,CarMax Orlando,2026-02-03 14:57:00.000 UTC
VEH-0257,003ak00001QQTVwAAP,Tesla,Model S,2020.000000000000000000,KMXTE202002577410,45064.000000000000000000,83256.000000000000000000,Gray,Sedan,Electric,Automatic,4,Sold,true,2026-01-19,false,,,https://www.carmax.com/car/KMXTE202002577410,CarMax Nashville,2026-03-02 11:08:00.000 UTC
VEH-0258,003ak00001QQTVRAA5,Ford,Mustang,2021.000000000000000000,KMXFO202102582806,17580.000000000000000000,115525.000000000000000000,Red,Coupe,Gasoline,Automatic,2,Pending,false,,true,003ak00001QQTVRAA5,2026-04-17,https://www.carmax.com/car/KMXFO202102582806,CarMax Houston,2026-03-02 13:33:00.000 UTC
VEH-0259,,Nissan,Pathfinder,2024.000000000000000000,KMXNI202402597226,19727.000000000000000000,15065.000000000000000000,Charcoal,SUV,Gasoline,Automatic,5,Pending,false,,false,,,https://www.carmax.com/car/KMXNI202402597226,CarMax Nashville,2026-05-19 10:58:00.000 UTC
VEH-0260,003ak00001QQTVGAA5,Rivian,R1S,2021.000000000000000000,KMXRI202102606844,61588.000000000000000000,51769.000000000000000000,Red,SUV,Electric,Automatic,5,In Inventory,false,,true,003ak00001QQTVGAA5,2026-05-07,https://www.carmax.com/car/KMXRI202102606844,CarMax Charlotte,2026-03-07 13:55:00.000 UTC
VEH-0261,003ak00001QQTVpAAP,Volkswagen,Taos,2026.000000000000000000,KMXVO202602613478,40515.000000000000000000,91837.000000000000000000,Blue,SUV,Gasoline,Automatic,5,Sold,true,2026-02-03,false,,,https://www.carmax.com/car/KMXVO202602613478,CarMax Houston,2026-01-10 15:12:00.000 UTC
VEH-0262,,Hyundai,Sonata,2023.000000000000000000,KMXHY202302625854,45980.000000000000000000,15565.000000000000000000,Gray,Sedan,Gasoline,Automatic,4,In Inventory,false,,false,,,https://www.carmax.com/car/KMXHY202302625854,CarMax Virginia Beach,2026-04-09 12:55:00.000 UTC
VEH-0263,003ak00001QQTVFAA5,Toyota,Highlander,2022.000000000000000000,KMXTO202202631518,41252.000000000000000000,37671.000000000000000000,Beige,SUV,Gasoline,Automatic,5,Pending,false,,true,003ak00001QQTVFAA5,2026-02-07,https://www.carmax.com/car/KMXTO202202631518,CarMax Virginia Beach,2026-03-27 11:53:00.000 UTC
VEH-0264,,Nissan,Kicks,2020.000000000000000000,KMXNI202002647708,47392.000000000000000000,98550.000000000000000000,Blue,SUV,Gasoline,Automatic,5,In Inventory,false,,false,,,https://www.carmax.com/car/KMXNI202002647708,CarMax Jacksonville,2026-05-11 20:30:00.000 UTC
VEH-0265,003ak00001QQTVIAA5,Porsche,Macan,2020.000000000000000000,KMXPO202002655276,55051.000000000000000000,37192.000000000000000000,Charcoal,SUV,Gasoline,Automatic,5,Sold,true,2026-02-01,false,,,https://www.carmax.com/car/KMXPO202002655276,CarMax Austin,2026-04-03 10:23:00.000 UTC
VEH-0266,,Rivian,R1T,2021.000000000000000000,KMXRI202102666183,29545.000000000000000000,25241.000000000000000000,Charcoal,Pickup Truck,Electric,Automatic,4,In Inventory,false,,false,,,https://www.carmax.com/car/KMXRI202102666183,CarMax Austin,2026-04-06 14:57:00.000 UTC
VEH-0267,,Nissan,Kicks,2022.000000000000000000,KMXNI202202675699,17887.000000000000000000,76918.000000000000000000,Burgundy,SUV,Gasoline,Automatic,5,Pending,false,,false,,,https://www.carmax.com/car/KMXNI202202675699,CarMax Charlotte,2026-01-23 13:09:00.000 UTC
VEH-0268,,Porsche,Macan,2024.000000000000000000,KMXPO202402688606,58148.000000000000000000,42899.000000000000000000,Red,SUV,Gasoline,Automatic,5,In Inventory,false,,false,,,https://www.carmax.com/car/KMXPO202402688606,CarMax Charlotte,2026-05-08 08:01:00.000 UTC
VEH-0269,,Acura,MDX,2026.000000000000000000,KMXAC202602691894,39226.000000000000000000,48320.000000000000000000,Red,SUV,Gasoline,Automatic,5,In Inventory,false,,false,,,https://www.carmax.com/car/KMXAC202602691894,CarMax Houston,2026-02-23 10:13:00.000 UTC
VEH-0270,,GMC,Canyon,2022.000000000000000000,KMXGM202202701631,34779.000000000000000000,109073.000000000000000000,Red,Pickup Truck,Gasoline,Automatic,4,In Inventory,false,,false,,,https://www.carmax.com/car/KMXGM202202701631,CarMax Raleigh,2026-05-26 08:33:00.000 UTC
VEH-0271,,Hyundai,Santa Fe,2022.000000000000000000,KMXHY202202717587,27692.000000000000000000,118928.000000000000000000,Red,SUV,Hybrid,Automatic,5,In Inventory,false,,false,,,https://www.carmax.com/car/KMXHY202202717587,CarMax Dallas,2026-01-23 14:07:00.000 UTC
VEH-0272,,BMW,X3,2026.000000000000000000,KMXBM202602725845,45295.000000000000000000,41309.000000000000000000,Beige,SUV,Gasoline,Automatic,5,In Inventory,false,,false,,,https://www.carmax.com/car/KMXBM202602725845,CarMax Atlanta,2026-03-10 15:17:00.000 UTC
VEH-0273,003ak00001QQTV8AAP,Mercedes-Benz,C300,2024.000000000000000000,KMXME202402735726,71603.000000000000000000,80287.000000000000000000,Charcoal,Sedan,Gasoline,Automatic,4,Pending,false,,true,003ak00001QQTV8AAP,2026-04-03,https://www.carmax.com/car/KMXME202402735726,CarMax Virginia Beach,2026-05-18 09:29:00.000 UTC
VEH-0274,,Acura,RDX,2026.000000000000000000,KMXAC202602743773,30141.000000000000000000,48252.000000000000000000,Silver,SUV,Gasoline,Automatic,5,In Inventory,false,,false,,,https://www.carmax.com/car/KMXAC202602743773,CarMax Nashville,2026-05-01 13:31:00.000 UTC
VEH-0275,003ak00001QQTVDAA5,Lexus,RX 350,2024.000000000000000000,KMXLE202402752488,44268.000000000000000000,53713.000000000000000000,Black,SUV,Gasoline,Automatic,5,Sold,true,2026-02-26,false,,,https://www.carmax.com/car/KMXLE202402752488,CarMax Virginia Beach,2026-03-08 17:51:00.000 UTC
VEH-0276,003ak00001QQTV8AAP,Nissan,Frontier,2024.000000000000000000,KMXNI202402764100,27340.000000000000000000,25691.000000000000000000,White,Pickup Truck,Gasoline,Automatic,4,Sold,true,2026-02-15,false,,,https://www.carmax.com/car/KMXNI202402764100,CarMax Tampa,2026-01-19 08:34:00.000 UTC
VEH-0277,,Dodge,Charger,2021.000000000000000000,KMXDO202102776518,32201.000000000000000000,35831.000000000000000000,Brown,Sedan,Gasoline,Automatic,4,In Inventory,false,,false,,,https://www.carmax.com/car/KMXDO202102776518,CarMax Raleigh,2026-02-14 18:35:00.000 UTC
VEH-0278,003ak00001QQTVrAAP,Jeep,Wrangler,2020.000000000000000000,KMXJE202002781600,20719.000000000000000000,35523.000000000000000000,Green,SUV,Gasoline,Automatic,5,In Inventory,false,,true,003ak00001QQTVrAAP,2026-03-05,https://www.carmax.com/car/KMXJE202002781600,CarMax Charlotte,2026-03-22 18:08:00.000 UTC
VEH-0279,003ak00001QQTVHAA5,Ford,Mustang,2024.000000000000000000,KMXFO202402797346,43302.000000000000000000,87139.000000000000000000,Burgundy,Coupe,Gasoline,Automatic,2,Sold,true,2026-01-17,false,,,https://www.carmax.com/car/KMXFO202402797346,CarMax Virginia Beach,2026-04-01 13:35:00.000 UTC
VEH-0280,003ak00001QQTVqAAP,GMC,Acadia,2022.000000000000000000,KMXGM202202807806,24331.000000000000000000,93139.000000000000000000,Midnight Blue,SUV,Gasoline,Manual,5,In Inventory,false,,true,003ak00001QQTVqAAP,2026-04-11,https://www.carmax.com/car/KMXGM202202807806,CarMax Richmond,2026-04-16 08:38:00.000 UTC
VEH-0281,,Volkswagen,Tiguan,2025.000000000000000000,KMXVO202502811616,39871.000000000000000000,50087.000000000000000000,Brown,SUV,Gasoline,Manual,5,In Inventory,false,,false,,,https://www.carmax.com/car/KMXVO202502811616,CarMax Nashville,2026-03-09 15:38:00.000 UTC
VEH-0282,003ak00001QQTVpAAP,GMC,Terrain,2026.000000000000000000,KMXGM202602826650,21793.000000000000000000,60038.000000000000000000,Midnight Blue,SUV,Gasoline,Automatic,5,Sold,true,2026-02-13,false,,,https://www.carmax.com/car/KMXGM202602826650,CarMax Nashville,2026-01-07 12:56:00.000 UTC
VEH-0283,,Nissan,Kicks,2025.000000000000000000,KMXNI202502835965,25836.000000000000000000,88644.000000000000000000,Beige,SUV,Gasoline,Automatic,5,In Inventory,false,,false,,,https://www.carmax.com/car/KMXNI202502835965,CarMax Atlanta,2026-04-11 12:47:00.000 UTC
VEH-0284,003ak00001QQTVsAAP,Chevrolet,Traverse,2023.000000000000000000,KMXCH202302847455,26297.000000000000000000,83444.000000000000000000,Gray,SUV,Gasoline,Automatic,5,Sold,true,2026-04-22,false,,,https://www.carmax.com/car/KMXCH202302847455,CarMax Houston,2026-03-25 18:48:00.000 UTC
VEH-0285,003ak00001QQTVUAA5,Mazda,Mazda3,2019.000000000000000000,KMXMA201902855000,39850.000000000000000000,88239.000000000000000000,Black,Sedan,Gasoline,Automatic,4,In Inventory,false,,true,003ak00001QQTVUAA5,2026-02-02,https://www.carmax.com/car/KMXMA201902855000,CarMax Charlotte,2026-05-27 11:13:00.000 UTC
VEH-0286,003ak00001QQTVSAA5,Nissan,Pathfinder,2019.000000000000000000,KMXNI201902869744,21339.000000000000000000,43428.000000000000000000,Silver,SUV,Gasoline,Automatic,5,In Inventory,false,,true,003ak00001QQTVSAA5,2026-03-09,https://www.carmax.com/car/KMXNI201902869744,CarMax Charlotte,2026-04-22 16:30:00.000 UTC
VEH-0287,,Genesis,GV80,2022.000000000000000000,KMXGE202202879462,59773.000000000000000000,70023.000000000000000000,Burgundy,SUV,Gasoline,Automatic,5,In Inventory,false,,false,,,https://www.carmax.com/car/KMXGE202202879462,CarMax Houston,2026-03-03 20:11:00.000 UTC
VEH-0288,,Volkswagen,Jetta,2024.000000000000000000,KMXVO202402885585,42115.000000000000000000,15097.000000000000000000,Brown,Sedan,Gasoline,Automatic,4,In Inventory,false,,false,,,https://www.carmax.com/car/KMXVO202402885585,CarMax Raleigh,2026-04-05 19:26:00.000 UTC
VEH-0289,,Honda,Civic,2021.000000000000000000,KMXHO202102891775,39487.000000000000000000,39332.000000000000000000,Brown,Sedan,Gasoline,Automatic,4,In Inventory,false,,false,,,https://www.carmax.com/car/KMXHO202102891775,CarMax Dallas,2026-04-07 14:28:00.000 UTC
VEH-0290,003ak00001QQTVEAA5,Mazda,CX-9,2026.000000000000000000,KMXMA202602901950,45681.000000000000000000,9729.000000000000000000,Green,SUV,Gasoline,Automatic,5,Sold,true,2026-05-22,false,,,https://www.carmax.com/car/KMXMA202602901950,CarMax Raleigh,2026-05-19 20:06:00.000 UTC
VEH-0291,,Jeep,Grand Cherokee,2022.000000000000000000,KMXJE202202917170,44679.000000000000000000,95071.000000000000000000,Green,SUV,Gasoline,Automatic,5,Pending,false,,false,,,https://www.carmax.com/car/KMXJE202202917170,CarMax Virginia Beach,2026-02-10 13:47:00.000 UTC
VEH-0292,,Toyota,Camry,2023.000000000000000000,KMXTO202302926849,34365.000000000000000000,4447.000000000000000000,Brown,Sedan,Gasoline,CVT,4,In Inventory,false,,false,,,https://www.carmax.com/car/KMXTO202302926849,CarMax Tampa,2026-02-14 20:38:00.000 UTC
VEH-0293,,Mercedes-Benz,C300,2023.000000000000000000,KMXME202302933829,62470.000000000000000000,39460.000000000000000000,White,Sedan,Gasoline,Automatic,4,Pending,false,,false,,,https://www.carmax.com/car/KMXME202302933829,CarMax Virginia Beach,2026-03-06 09:36:00.000 UTC
VEH-0294,003ak00001QQTVmAAP,Volkswagen,Atlas,2022.000000000000000000,KMXVO202202948011,34578.000000000000000000,60638.000000000000000000,Black,SUV,Gasoline,Automatic,5,Sold,true,2026-05-26,false,,,https://www.carmax.com/car/KMXVO202202948011,CarMax Jacksonville,2026-05-02 12:30:00.000 UTC
VEH-0295,003ak00001QQTVEAA5,Dodge,Hornet,2020.000000000000000000,KMXDO202002954079,36092.000000000000000000,48124.000000000000000000,Burgundy,SUV,Gasoline,Automatic,5,Sold,true,2026-01-13,false,,,https://www.carmax.com/car/KMXDO202002954079,CarMax Dallas,2026-05-16 19:53:00.000 UTC
VEH-0296,,Hyundai,Kona,2021.000000000000000000,KMXHY202102966104,32833.000000000000000000,38918.000000000000000000,Black,SUV,Gasoline,Manual,5,In Inventory,false,,false,,,https://www.carmax.com/car/KMXHY202102966104,CarMax Austin,2026-04-26 18:01:00.000 UTC
VEH-0297,003ak00001QQTVHAA5,GMC,Yukon,2023.000000000000000000,KMXGM202302975431,22613.000000000000000000,87132.000000000000000000,Midnight Blue,SUV,Gasoline,CVT,5,In Inventory,false,,true,003ak00001QQTVHAA5,2026-01-21,https://www.carmax.com/car/KMXGM202302975431,CarMax Austin,2026-03-23 13:08:00.000 UTC
VEH-0298,,Jeep,Wrangler,2024.000000000000000000,KMXJE202402982105,42730.000000000000000000,6232.000000000000000000,Blue,SUV,Gasoline,Automatic,5,Pending,false,,false,,,https://www.carmax.com/car/KMXJE202402982105,CarMax Atlanta,2026-03-07 16:05:00.000 UTC
VEH-0299,,BMW,330i,2025.000000000000000000,KMXBM202502998136,69292.000000000000000000,44909.000000000000000000,Green,Sedan,Gasoline,Manual,4,In Inventory,false,,false,,,https://www.carmax.com/car/KMXBM202502998136,CarMax Tampa,2026-01-25 19:27:00.000 UTC
VEH-0300,,Ford,F-150,2023.000000000000000000,KMXFO202303007638,28667.000000000000000000,43117.000000000000000000,Charcoal,Pickup Truck,Gasoline,Automatic,4,In Inventory,false,,false,,,https://www.carmax.com/car/KMXFO202303007638,CarMax Virginia Beach,2026-03-16 16:28:00.000 UTC
VEH-DEMO-001,003ak00001QOw50AAD,Ford,Expedition XLT,2024.000000000000000000,1FMJU1KT4REA12345,52990.000000000000000000,8423.000000000000000000,Oxford White,SUV,Gas,Automatic,4-Door,Available,false,,true,003ak00001QOw50AAD,2026-04-15,https://www.carmax.com/car/24680135,CarMax Richmond,2026-05-01 00:00:00.000 UTC
VEH-DEMO-002,003ak00001QOw50AAD,Toyota,4Runner SR5,2023.000000000000000000,JTEBU5JR5P5123456,39990.000000000000000000,22156.000000000000000000,Magnetic Gray Metallic,SUV,Gas,Automatic,4-Door,Available,false,,true,003ak00001QOw50AAD,2026-04-18,https://www.carmax.com/car/24680136,CarMax Richmond,2026-05-01 00:00:00.000 UTC
VEH-DEMO-003,003ak00001QOw50AAD,Hyundai,Santa Fe SEL,2024.000000000000000000,5NMS3DAJ0RH234567,34990.000000000000000000,5890.000000000000000000,Hampton Gray,SUV,Hybrid,Automatic,4-Door,Available,false,,true,003ak00001QOw50AAD,2026-04-22,https://www.carmax.com/car/24680137,CarMax Richmond,2026-05-01 00:00:00.000 UTC
VEH-DEMO-004,003ak00001QQSPNAA5,Ford,F-150 XLT,2023.000000000000000000,1FTFW1E85PKA34567,41990.000000000000000000,18743.000000000000000000,Iconic Silver,Truck,Gas,Automatic,4-Door,Available,false,,true,003ak00001QQSPNAA5,2026-04-20,https://www.carmax.com/car/24680138,CarMax Phoenix,2026-05-01 00:00:00.000 UTC
VEH-DEMO-005,003ak00001QQSPNAA5,RAM,1500 Big Horn,2024.000000000000000000,1C6SRFFT0RN345678,44990.000000000000000000,11204.000000000000000000,Patriot Blue,Truck,Gas,Automatic,4-Door,Available,false,,true,003ak00001QQSPNAA5,2026-04-25,https://www.carmax.com/car/24680139,CarMax Phoenix,2026-05-01 00:00:00.000 UTC
VEH-DEMO-006,003ak00001QQSUDAA5,BMW,X3 xDrive30i,2022.000000000000000000,5UXTY5C09R9B56789,36490.000000000000000000,31245.000000000000000000,Alpine White,SUV,Gas,Automatic,4-Door,Sold,true,2025-11-15,false,,,https://www.carmax.com/car/24680140,CarMax Denver,2026-05-01 00:00:00.000 UTC
VEH-DEMO-007,003ak00001QQO2UAAX,Honda,CR-V EX-L,2024.000000000000000000,2HKRS4H77RH456789,33490.000000000000000000,12456.000000000000000000,Radiant Red Metallic,SUV,Gas,CVT,4-Door,Available,false,,false,,,,CarMax Charlotte,2026-05-01 00:00:00.000 UTC
VEH-DEMO-008,003ak00001QQSKXAA5,Honda,Accord Sport,2020.000000000000000000,1HGCV1F34LA567890,24990.000000000000000000,48230.000000000000000000,Lunar Silver Metallic,Sedan,Gas,Automatic,4-Door,Sold,true,2023-03-10,false,,,https://www.carmax.com/car/24680142,CarMax Austin,2026-05-01 00:00:00.000 UTC
VEH-DEMO-009,003ak00001QQSKXAA5,Toyota,Camry XSE,2024.000000000000000000,4T1K61AK0RU678901,31490.000000000000000000,9876.000000000000000000,Reservoir Blue,Sedan,Gas,Automatic,4-Door,Available,false,,false,,,https://www.carmax.com/car/24680143,CarMax Austin,2026-05-01 00:00:00.000 UTC
VEH-DEMO-010,,Tesla,Model Y Long Range,2024.000000000000000000,7SAYGDEE5RF789012,44990.000000000000000000,6234.000000000000000000,Pearl White,SUV,Electric,Automatic,4-Door,Available,false,,false,,,https://www.carmax.com/car/24680144,CarMax Seattle,2026-05-01 00:00:00.000 UTC
VEH-DEMO-011,,Hyundai,Ioniq 5 SEL,2023.000000000000000000,KM8KRDAF9PU890123,36990.000000000000000000,15678.000000000000000000,Lucid Blue,SUV,Electric,Automatic,4-Door,Available,false,,false,,,https://www.carmax.com/car/24680145,CarMax Seattle,2026-05-01 00:00:00.000 UTC
VEH-DEMO-012,,Toyota,RAV4 Prime SE,2024.000000000000000000,2T3F1RFV0RW901234,41490.000000000000000000,8901.000000000000000000,Blueprint,SUV,Hybrid,CVT,4-Door,Available,false,,false,,,https://www.carmax.com/car/24680146,CarMax Seattle,2026-05-01 00:00:00.000 UTC
VEH-DEMO-013,,Toyota,Corolla LE,2023.000000000000000000,JTDBBRBE5PJ012345,22490.000000000000000000,19345.000000000000000000,Celestite Gray,Sedan,Gas,CVT,4-Door,Available,false,,false,,,https://www.carmax.com/car/24680147,CarMax Atlanta,2026-05-01 00:00:00.000 UTC
VEH-DEMO-014,,Honda,Civic Sport,2024.000000000000000000,2HGFE2F56RH123456,25990.000000000000000000,7890.000000000000000000,Rallye Red,Sedan,Gas,CVT,4-Door,Available,false,,false,,,https://www.carmax.com/car/24680148,CarMax Atlanta,2026-05-01 00:00:00.000 UTC
VEH-DEMO-015,,Mazda,Mazda3 Select,2023.000000000000000000,3MZBPAEM5PM234567,23990.000000000000000000,24567.000000000000000000,Machine Gray Metallic,Sedan,Gas,Automatic,4-Door,Available,false,,false,,,https://www.carmax.com/car/24680149,CarMax Atlanta,2026-05-01 00:00:00.000 UTC
VEH-DEMO-016,003ak00001QNeTZAA1,Nissan,Rogue SV,2021.000000000000000000,5N1AT3BB8MC345678,23990.000000000000000000,42367.000000000000000000,Scarlet Ember,SUV,Gas,CVT,4-Door,Available,false,,false,,,https://www.carmax.com/car/24680150,CarMax Houston,2026-05-01 00:00:00.000 UTC
VEH-DEMO-017,,Chevrolet,Tahoe LT,2024.000000000000000000,1GNSKBKD0RR456789,56990.000000000000000000,14567.000000000000000000,Black,SUV,Gas,Automatic,4-Door,Available,false,,false,,,https://www.carmax.com/car/24680151,CarMax Richmond,2026-05-01 00:00:00.000 UTC
VEH-DEMO-018,,Subaru,Outback Premium,2023.000000000000000000,4S4BTACC5P3567890,29990.000000000000000000,27890.000000000000000000,Autumn Green Metallic,SUV,Gas,CVT,4-Door,Available,false,,false,,,https://www.carmax.com/car/24680152,CarMax Charlotte,2026-05-01 00:00:00.000 UTC
VEH-DEMO-019,,Kia,Telluride SX,2024.000000000000000000,5XYP5DHC0RG678901,47990.000000000000000000,10234.000000000000000000,Everlasting Silver,SUV,Gas,Automatic,4-Door,Available,false,,false,,,https://www.carmax.com/car/24680153,CarMax Phoenix,2026-05-01 00:00:00.000 UTC
VEH-DEMO-020,,Ford,Mustang GT,2023.000000000000000000,1FA6P8CF5P5789012,38990.000000000000000000,16789.000000000000000000,Grabber Blue,Coupe,Gas,Manual,2-Door,Available,false,,false,,,https://www.carmax.com/car/24680154,CarMax Houston,2026-05-01 00:00:00.000 UTC
